#{"t_start": 1757611876.3384564, "env_id": "None"}
r,l,t
-70.0,5,2.273011
-95.0,5,2.274164
-120.0,5,2.275459
-120.0,5,2.27651
-120.0,5,2.27765
-120.0,5,2.278651
-70.0,5,2.27963
-70.0,5,2.280622
-120.0,5,2.281651
-95.0,5,2.282611
-70.0,5,2.283818
-70.0,5,2.28478
-95.0,5,2.285785
-95.0,5,2.286747
-95.0,5,2.28774
-95.0,5,2.288739
-95.0,5,2.289933
-95.0,5,2.291042
-120.0,5,2.292018
-95.0,5,2.292975
-95.0,5,2.619295
-120.0,5,2.622907
-120.0,5,2.625955
-95.0,5,2.628916
-70.0,5,2.633907
-95.0,5,2.637046
-70.0,5,2.640088
-70.0,5,2.643025
-120.0,5,2.661427
-95.0,5,2.665281
-95.0,5,2.668632
-70.0,5,2.671593
-70.0,5,2.676711
-120.0,5,2.681555
-95.0,5,2.684889
-95.0,5,2.688023
-120.0,5,2.693624
-70.0,5,2.696575
-120.0,5,2.699585
-120.0,5,2.702558
-120.0,5,2.707672
-120.0,5,2.710593
-120.0,5,2.714475
-95.0,5,2.719015
-120.0,5,2.724414
-95.0,5,2.727434
-70.0,5,2.730721
-120.0,5,2.734033
-70.0,5,2.738939
-120.0,5,2.741885
-120.0,5,2.745472
-70.0,5,2.748378
-95.0,5,2.753529
-95.0,5,2.757023
-120.0,5,2.761975
-70.0,5,2.765049
-70.0,5,2.770434
-70.0,5,2.773393
-95.0,5,2.776705
-95.0,5,2.779583
-95.0,5,2.784629
-95.0,5,2.787641
-95.0,5,2.790738
-120.0,5,2.795505
-95.0,5,2.804304
-120.0,5,2.811241
-95.0,5,2.815564
-70.0,5,2.819065
-95.0,5,2.825486
-95.0,5,2.829216
-95.0,5,2.832793
-120.0,5,2.836029
-95.0,5,2.842615
-70.0,5,2.84746
-95.0,5,2.850667
-70.0,5,2.855645
-70.0,5,2.861947
-95.0,5,2.865187
-120.0,5,2.868929
-95.0,5,2.873297
-95.0,5,2.879056
-95.0,5,2.882855
-95.0,5,2.887505
-95.0,5,2.891393
-120.0,5,2.897053
-120.0,5,2.900303
-95.0,5,2.906377
-120.0,5,2.914575
-120.0,5,2.923191
-70.0,5,2.92925
-95.0,5,2.93733
-95.0,5,2.941425
-120.0,5,2.948128
-95.0,5,2.951651
-120.0,5,2.955732
-120.0,5,2.960097
-120.0,5,2.966957
-120.0,5,2.973295
-70.0,5,2.981623
-120.0,5,2.986177
-95.0,5,2.992273
-120.0,5,2.996042
-95.0,5,3.000144
-70.0,5,3.005178
-120.0,5,3.012024
-95.0,5,3.015897
-70.0,5,3.019259
-95.0,5,3.026089
-95.0,5,3.03258
-95.0,5,3.036357
-95.0,5,3.040899
-95.0,5,3.045229
-120.0,5,3.051599
-120.0,5,3.056235
-70.0,5,3.06067
-95.0,5,3.064247
-70.0,5,3.070012
-120.0,5,3.073839
-70.0,5,3.076854
-95.0,5,3.080234
-70.0,5,3.08608
-120.0,5,3.089348
-95.0,5,3.092722
-95.0,5,3.097597
-95.0,5,3.103263
-95.0,5,3.106231
-95.0,5,3.109215
-95.0,5,3.112861
-95.0,5,3.118154
-95.0,5,3.121187
-120.0,5,3.12561
-120.0,5,3.129722
-120.0,5,3.137729
-70.0,5,3.141154
-120.0,5,3.144886
-95.0,5,3.147908
-120.0,5,3.153711
-95.0,5,3.157216
-120.0,5,3.160446
-120.0,5,3.163911
-120.0,5,3.169239
-95.0,5,3.172589
-95.0,5,3.176277
-120.0,5,3.181774
-95.0,5,3.18812
-95.0,5,3.191338
-95.0,5,3.194767
-95.0,5,3.198125
-95.0,5,3.203678
-95.0,5,3.206699
-70.0,5,3.210252
-95.0,5,3.213112
-120.0,5,3.2184
-95.0,5,3.223483
-95.0,5,3.227145
-95.0,5,3.230376
-95.0,5,3.235765
-120.0,5,3.239176
-95.0,5,3.242101
-95.0,5,3.245337
-70.0,5,3.250681
-95.0,5,3.254025
-120.0,5,3.257183
-120.0,5,3.261846
-120.0,5,3.267568
-120.0,5,3.271063
-95.0,5,3.274411
-70.0,5,3.277838
-120.0,5,3.283006
-120.0,5,3.286916
-95.0,5,3.290456
-95.0,5,3.293734
-95.0,5,3.299556
-120.0,5,3.304765
-95.0,5,3.308774
-70.0,5,3.312906
-120.0,5,3.319729
-95.0,5,3.323326
-120.0,5,3.32675
-95.0,5,3.329981
-70.0,5,3.336021
-120.0,5,3.341749
-95.0,5,3.349555
-95.0,5,3.355381
-70.0,5,3.36243
-70.0,5,3.366324
-120.0,5,3.369735
-95.0,5,3.373595
-120.0,5,3.379015
-70.0,5,3.382238
-70.0,5,3.386592
-95.0,5,3.390412
-95.0,5,3.39666
-70.0,5,3.400762
-120.0,5,3.40427
-120.0,5,3.407605
-95.0,5,3.412649
-120.0,5,3.415633
-95.0,5,3.419226
-95.0,5,3.422123
-70.0,5,3.427513
-70.0,5,3.431518
-120.0,5,3.435946
-95.0,5,3.440357
-70.0,5,3.446506
-95.0,5,3.450081
-120.0,5,3.45366
-70.0,5,3.457388
-95.0,5,3.462892
-95.0,5,3.465737
-95.0,5,3.468855
-95.0,5,3.472103
-95.0,5,3.478192
-70.0,5,3.482969
-95.0,5,3.487418
-95.0,5,3.491105
-95.0,5,3.496603
-70.0,5,3.499928
-120.0,5,3.50307
-120.0,5,3.50609
-70.0,5,3.513219
-95.0,5,3.516417
-95.0,5,3.521216
-95.0,5,3.525057
-95.0,5,3.533311
-70.0,5,3.541366
-70.0,5,3.546654
-70.0,5,3.550514
-120.0,5,3.55638
-70.0,5,3.560502
-95.0,5,3.564385
-70.0,5,3.569299
-70.0,5,3.577316
-95.0,5,3.581316
-120.0,5,3.584553
-70.0,5,3.588561
-70.0,5,3.593992
-70.0,5,3.597299
-95.0,5,3.601085
-95.0,5,3.604853
-95.0,5,3.610401
-70.0,5,3.614052
-70.0,5,3.61912
-120.0,5,3.62291
-95.0,5,3.628384
-95.0,5,3.631433
-120.0,5,3.634784
-70.0,5,3.63839
-95.0,5,3.643167
-95.0,5,3.646664
-120.0,5,3.649775
-120.0,5,3.652663
-70.0,5,3.658358
-95.0,5,3.6647
-70.0,5,3.671875
-95.0,5,3.680294
-70.0,5,3.688522
-95.0,5,3.693497
-70.0,5,3.698162
-120.0,5,3.701518
-70.0,5,3.708291
-95.0,5,3.711635
-95.0,5,3.717702
-95.0,5,3.722475
-70.0,5,3.728119
-70.0,5,3.732851
-95.0,5,3.738225
-95.0,5,3.741667
-95.0,5,3.746999
-95.0,5,3.750386
-120.0,5,3.753956
-95.0,5,3.758958
-95.0,5,3.770521
-70.0,5,3.776562
-95.0,5,3.780649
-70.0,5,3.784759
-70.0,5,3.791886
-120.0,5,3.795672
-120.0,5,3.798942
-95.0,5,3.803651
-95.0,5,3.813492
-70.0,5,3.818312
-120.0,5,3.824408
-95.0,5,3.828791
-95.0,5,3.835284
-70.0,5,3.84051
-70.0,5,3.845621
-95.0,5,3.849539
-70.0,5,3.855647
-95.0,5,3.858959
-95.0,5,3.862863
-70.0,5,3.866148
-70.0,5,3.872741
-120.0,5,3.877238
-70.0,5,3.881723
-95.0,5,3.885655
-95.0,5,3.894087
-95.0,5,3.901291
-70.0,5,3.905714
-120.0,5,3.909711
-95.0,5,3.916358
-120.0,5,3.920216
-95.0,5,3.924339
-70.0,5,3.928617
-70.0,5,3.934433
-95.0,5,3.938724
-95.0,5,3.942152
-120.0,5,3.945809
-95.0,5,3.951151
-70.0,5,3.954541
-70.0,5,3.958417
-95.0,5,3.962001
-95.0,5,3.968662
-95.0,5,3.973856
-70.0,5,3.978682
-70.0,5,3.983067
-95.0,5,3.988952
-70.0,5,3.992319
-120.0,5,3.996767
-95.0,5,4.000844
-120.0,5,4.007042
-95.0,5,4.010084
-95.0,5,4.01515
-95.0,5,4.022032
-95.0,5,4.032787
-95.0,5,4.037972
-95.0,5,4.042506
-95.0,5,4.046432
-70.0,5,4.053062
-70.0,5,4.056873
-95.0,5,4.061287
-95.0,5,4.064721
-95.0,5,4.071493
-70.0,5,4.075768
-95.0,5,4.078758
-95.0,5,4.083448
-95.0,5,4.089941
-120.0,5,4.093866
-70.0,5,4.097238
-95.0,5,4.100867
-95.0,5,4.108575
-95.0,5,4.113503
-95.0,5,4.117614
-70.0,5,4.122005
-70.0,5,4.12815
-70.0,5,4.13236
-70.0,5,4.136253
-95.0,5,4.139198
-70.0,5,4.144732
-95.0,5,4.148328
-70.0,5,4.152553
-70.0,5,4.156123
-95.0,5,4.163124
-70.0,5,4.168035
-120.0,5,4.172945
-70.0,5,4.176698
-70.0,5,4.182204
-70.0,5,4.186683
-95.0,5,4.19006
-70.0,5,4.193958
-70.0,5,4.200735
-70.0,5,4.204746
-95.0,5,4.210099
-95.0,5,4.214131
-95.0,5,4.220136
-70.0,5,4.223768
-95.0,5,4.227337
-70.0,5,4.230597
-70.0,5,4.236012
-70.0,5,4.24041
-95.0,5,4.244066
-120.0,5,4.247333
-70.0,5,4.25353
-95.0,5,4.256842
-95.0,5,4.26215
-70.0,5,4.265729
-70.0,5,4.272036
-95.0,5,4.276276
-120.0,5,4.279547
-70.0,5,4.283096
-70.0,5,4.28834
-70.0,5,4.291242
-70.0,5,4.295509
-95.0,5,4.300539
-95.0,5,4.306873
-70.0,5,4.310562
-70.0,5,4.313833
-70.0,5,4.317429
-70.0,5,4.322937
-70.0,5,4.326889
-95.0,5,4.33071
-70.0,5,4.334314
-95.0,5,4.339875
-95.0,5,4.344859
-95.0,5,4.349207
-95.0,5,4.352462
-120.0,5,4.358514
-120.0,5,4.361601
-95.0,5,4.365644
-70.0,5,4.370082
-70.0,5,4.376175
-95.0,5,4.380627
-70.0,5,4.386539
-70.0,5,4.391063
-120.0,5,4.397614
-70.0,5,4.401459
-120.0,5,4.405639
-95.0,5,4.410661
-95.0,5,4.417239
-95.0,5,4.420866
-95.0,5,4.424749
-95.0,5,4.429009
-120.0,5,4.435133
-95.0,5,4.439518
-70.0,5,4.443883
-95.0,5,4.447194
-70.0,5,4.452343
-70.0,5,4.455578
-70.0,5,4.459064
-95.0,5,4.462979
-95.0,5,4.468714
-120.0,5,4.471639
-70.0,5,4.475216
-95.0,5,4.480961
-70.0,5,4.487326
-95.0,5,4.491887
-95.0,5,4.495867
-95.0,5,4.499104
-95.0,5,4.505804
-120.0,5,4.51021
-95.0,5,4.514438
-70.0,5,4.518652
-120.0,5,4.525177
-120.0,5,4.529876
-70.0,5,4.532907
-120.0,5,4.536977
-120.0,5,4.544008
-120.0,5,4.54837
-120.0,5,4.552025
-70.0,5,4.555302
-95.0,5,4.561363
-95.0,5,4.564887
-95.0,5,4.57021
-70.0,5,4.574196
-95.0,5,4.579424
-70.0,5,4.583036
-95.0,5,4.58628
-120.0,5,4.590298
-70.0,5,4.596133
-70.0,5,4.59971
-95.0,5,4.604089
-120.0,5,4.607748
-120.0,5,4.614871
-95.0,5,4.619063
-95.0,5,4.622892
-95.0,5,4.626147
-70.0,5,4.631931
-95.0,5,4.635819
-95.0,5,4.640345
-95.0,5,4.643948
-95.0,5,4.649647
-95.0,5,4.653231
-70.0,5,4.658679
-70.0,5,4.663358
-70.0,5,4.668537
-70.0,5,4.672625
-95.0,5,4.676525
-120.0,5,4.680107
-70.0,5,4.685919
-70.0,5,4.689506
-95.0,5,4.693338
-70.0,5,4.697283
-70.0,5,4.70477
-95.0,5,4.708552
-70.0,5,4.712376
-95.0,5,4.716426
-95.0,5,4.722493
-120.0,5,4.726079
-95.0,5,4.729653
-95.0,5,4.733572
-95.0,5,4.740044
-70.0,5,4.744634
-70.0,5,4.74967
-120.0,5,4.755608
-95.0,5,4.762034
-95.0,5,4.766073
-120.0,5,4.77008
-120.0,5,4.773613
-95.0,5,4.779154
-70.0,5,4.783388
-95.0,5,4.787183
-95.0,5,4.790077
-70.0,5,4.797302
-70.0,5,4.80286
-70.0,5,4.807006
-95.0,5,4.811437
-95.0,5,4.817308
-120.0,5,4.821337
-95.0,5,4.825959
-120.0,5,4.830158
-95.0,5,4.836217
-70.0,5,4.840437
-120.0,5,4.84551
-120.0,5,4.850325
-70.0,5,4.856648
-70.0,5,4.859563
-95.0,5,4.863146
-120.0,5,4.866112
-95.0,5,4.871589
-70.0,5,4.875222
-120.0,5,4.879661
-120.0,5,4.883576
-120.0,5,4.890167
-95.0,5,4.895786
-120.0,5,4.901229
-95.0,5,4.905712
-70.0,5,4.911341
-120.0,5,4.914947
-70.0,5,4.918906
-120.0,5,4.922812
-120.0,5,4.929157
-95.0,5,4.932442
-120.0,5,4.937968
-120.0,5,4.942521
-120.0,5,4.949278
-95.0,5,4.952817
-120.0,5,4.95636
-95.0,5,4.960318
-120.0,5,4.96614
-95.0,5,4.969766
-120.0,5,4.973611
-95.0,5,4.977779
-70.0,5,4.985067
-70.0,5,4.990168
-70.0,5,4.994329
-120.0,5,4.998912
-95.0,5,5.005514
-95.0,5,5.00962
-95.0,5,5.013229
-120.0,5,5.016813
-120.0,5,5.026678
-95.0,5,5.032879
-95.0,5,5.038704
-120.0,5,5.043961
-95.0,5,5.050406
-70.0,5,5.054672
-120.0,5,5.058505
-95.0,5,5.062696
-95.0,5,5.068084
-95.0,5,5.072174
-70.0,5,5.076321
-70.0,5,5.080188
-70.0,5,5.087203
-95.0,5,5.092069
-95.0,5,5.095649
-95.0,5,5.099519
-95.0,5,5.105153
-95.0,5,5.109062
-95.0,5,5.113194
-95.0,5,5.117384
-70.0,5,5.123941
-70.0,5,5.127524
-95.0,5,5.132671
-70.0,5,5.136968
-120.0,5,5.14275
-95.0,5,5.145992
-70.0,5,5.149229
-95.0,5,5.15281
-95.0,5,5.158919
-95.0,5,5.162827
-70.0,5,5.167106
-95.0,5,5.17134
-95.0,5,5.178593
-70.0,5,5.184209
-95.0,5,5.188728
-95.0,5,5.192546
-70.0,5,5.198478
-70.0,5,5.202092
-70.0,5,5.20559
-95.0,5,5.209589
-70.0,5,5.217129
-95.0,5,5.220668
-95.0,5,5.225747
-70.0,5,5.23072
-70.0,5,5.236367
-70.0,5,5.239931
-70.0,5,5.244194
-70.0,5,5.248088
-70.0,5,5.254203
-95.0,5,5.25743
-95.0,5,5.26123
-95.0,5,5.264806
-70.0,5,5.270959
-95.0,5,5.280167
-70.0,5,5.285048
-70.0,5,5.289474
-95.0,5,5.294822
-95.0,5,5.298847
-70.0,5,5.303841
-95.0,5,5.307728
-95.0,5,5.314163
-120.0,5,5.317549
-70.0,5,5.32207
-70.0,5,5.326552
-95.0,5,5.333474
-120.0,5,5.33766
-70.0,5,5.34153
-95.0,5,5.345476
-120.0,5,5.351352
-70.0,5,5.355753
-95.0,5,5.359587
-95.0,5,5.363841
-120.0,5,5.371551
-70.0,5,5.375824
-95.0,5,5.380093
-95.0,5,5.384058
-95.0,5,5.391626
-70.0,5,5.395407
-120.0,5,5.399058
-95.0,5,5.402779
-95.0,5,5.409173
-120.0,5,5.415706
-70.0,5,5.421169
-95.0,5,5.425524
-120.0,5,5.432413
-95.0,5,5.437682
-95.0,5,5.44197
-95.0,5,5.446285
-95.0,5,5.451956
-70.0,5,5.456526
-95.0,5,5.46095
-95.0,5,5.465536
-120.0,5,5.473459
-95.0,5,5.477618
-120.0,5,5.481857
-95.0,5,5.485868
-70.0,5,5.491399
-120.0,5,5.496177
-95.0,5,5.499453
-95.0,5,5.50299
-95.0,5,5.509307
-70.0,5,5.513574
-120.0,5,5.519315
-120.0,5,5.523559
-95.0,5,5.529806
-95.0,5,5.53407
-95.0,5,5.538027
-70.0,5,5.542729
-120.0,5,5.549007
-120.0,5,5.553203
-95.0,5,5.558109
-95.0,5,5.562904
-95.0,5,5.572088
-95.0,5,5.579951
-95.0,5,5.585749
-70.0,5,5.590802
-95.0,5,5.599064
-95.0,5,5.604617
-120.0,5,5.610777
-120.0,5,5.615942
-120.0,5,5.624706
-95.0,5,5.631491
-95.0,5,5.635371
-120.0,5,5.63937
-120.0,5,5.645663
-95.0,5,5.649628
-95.0,5,5.654031
-70.0,5,5.658388
-120.0,5,5.670521
-95.0,5,5.677352
-95.0,5,5.682613
-95.0,5,5.687665
-120.0,5,5.69568
-95.0,5,5.7001
-95.0,5,5.704787
-120.0,5,5.709472
-95.0,5,5.716385
-95.0,5,5.720738
-120.0,5,5.724703
-95.0,5,5.729172
-120.0,5,5.735752
-95.0,5,5.73996
-95.0,5,5.745651
-95.0,5,5.749769
-95.0,5,5.756025
-120.0,5,5.759948
-95.0,5,5.763574
-95.0,5,5.76766
-120.0,5,5.774061
-120.0,5,5.778227
-95.0,5,5.781749
-120.0,5,5.785585
-70.0,5,5.793458
-95.0,5,5.801286
-120.0,5,5.808426
-120.0,5,5.815597
-120.0,5,5.824985
-120.0,5,5.831086
-120.0,5,5.836037
-120.0,5,5.840402
-95.0,5,5.847431
-95.0,5,5.85171
-95.0,5,5.856573
-70.0,5,5.8623
-95.0,5,5.869474
-95.0,5,5.874025
-95.0,5,5.878307
-120.0,5,5.882322
-120.0,5,5.888486
-95.0,5,5.892783
-120.0,5,5.896981
-95.0,5,5.902478
-120.0,5,5.911343
-95.0,5,5.916704
-95.0,5,5.92167
-95.0,5,5.927026
-95.0,5,5.934975
-70.0,5,5.941152
-95.0,5,5.946467
-95.0,5,5.950454
-95.0,5,5.95668
-70.0,5,5.960829
-95.0,5,5.967009
-70.0,5,5.971611
-70.0,5,5.976822
-70.0,5,5.980936
-95.0,5,5.984758
-95.0,5,5.989906
-70.0,5,5.995867
-95.0,5,5.999407
-95.0,5,6.003765
-70.0,5,6.008178
-95.0,5,6.016806
-95.0,5,6.021904
-95.0,5,6.027676
-70.0,5,6.03302
-95.0,5,6.039659
-70.0,5,6.044455
-70.0,5,6.049066
-70.0,5,6.053873
-120.0,5,6.060566
-70.0,5,6.064477
-95.0,5,6.069716
-70.0,5,6.077963
-70.0,5,6.08865
-95.0,5,6.095708
-95.0,5,6.1036
-95.0,5,6.109663
-95.0,5,6.118483
-70.0,5,6.123519
-70.0,5,6.128264
-70.0,5,6.132676
-95.0,5,6.141388
-70.0,5,6.146601
-70.0,5,6.151639
-95.0,5,6.156162
-95.0,5,6.162597
-120.0,5,6.166731
-95.0,5,6.170206
-95.0,5,6.174623
-95.0,5,6.180548
-95.0,5,6.184399
-120.0,5,6.189041
-70.0,5,6.19427
-120.0,5,6.20113
-95.0,5,6.205822
-120.0,5,6.211056
-95.0,5,6.215886
-95.0,5,6.222779
-95.0,5,6.227173
-95.0,5,6.231846
-95.0,5,6.23602
-70.0,5,6.243938
-95.0,5,6.250692
-95.0,5,6.256562
-70.0,5,6.261571
-120.0,5,6.268531
-95.0,5,6.273105
-70.0,5,6.277794
-95.0,5,6.281736
-95.0,5,6.288155
-95.0,5,6.292425
-70.0,5,6.299111
-95.0,5,6.303692
-70.0,5,6.310366
-95.0,5,6.313966
-95.0,5,6.317549
-95.0,5,6.321409
-70.0,5,6.327734
-70.0,5,6.331985
-95.0,5,6.336546
-70.0,5,6.341337
-95.0,5,6.349406
-120.0,5,6.354123
-70.0,5,6.358784
-95.0,5,6.363131
-120.0,5,6.369016
-95.0,5,6.37329
-95.0,5,6.377133
-95.0,5,6.381318
-95.0,5,6.387274
-120.0,5,6.390836
-120.0,5,6.396919
-95.0,5,6.401892
-95.0,5,6.407547
-70.0,5,6.411688
-120.0,5,6.415479
-70.0,5,6.419608
-120.0,5,6.425162
-70.0,5,6.429674
-95.0,5,6.434367
-120.0,5,6.439473
-95.0,5,6.448081
-70.0,5,6.452673
-120.0,5,6.457025
-120.0,5,6.461592
-120.0,5,6.469589
-95.0,5,6.474264
-95.0,5,6.478752
-95.0,5,6.483409
-95.0,5,6.489814
-120.0,5,6.493968
-95.0,5,6.499994
-95.0,5,6.504778
-95.0,5,6.510723
-95.0,5,6.515838
-70.0,5,6.520599
-120.0,5,6.52553
-120.0,5,6.531982
-95.0,5,6.536248
-120.0,5,6.541173
-95.0,5,6.545463
-120.0,5,6.553484
-120.0,5,6.558074
-120.0,5,6.562367
-95.0,5,6.566226
-120.0,5,6.572497
-95.0,5,6.576725
-95.0,5,6.581185
-95.0,5,6.585154
-95.0,5,6.591513
-95.0,5,6.595705
-95.0,5,6.602206
-95.0,5,6.607986
-95.0,5,6.615853
-70.0,5,6.620008
-95.0,5,6.624501
-95.0,5,6.629137
-95.0,5,6.635506
-95.0,5,6.639696
-95.0,5,6.643981
-95.0,5,6.648441
-120.0,5,6.65824
-120.0,5,6.663717
-70.0,5,6.668571
-95.0,5,6.673059
-70.0,5,6.679158
-95.0,5,6.683311
-95.0,5,6.687765
-95.0,5,6.692226
-70.0,5,6.698517
-70.0,5,6.703121
-70.0,5,6.708433
-120.0,5,6.714939
-95.0,5,6.722121
-95.0,5,6.726316
-95.0,5,6.730294
-95.0,5,6.735282
-95.0,5,6.742022
-70.0,5,6.748202
-95.0,5,6.753403
-70.0,5,6.758296
-70.0,5,6.766104
-70.0,5,6.771055
-70.0,5,6.775973
-70.0,5,6.781197
-70.0,5,6.788401
-70.0,5,6.792533
-70.0,5,6.79679
-70.0,5,6.801022
-95.0,5,6.807271
-95.0,5,6.811063
-95.0,5,6.817788
-95.0,5,6.823419
-70.0,5,6.829383
-95.0,5,6.833513
-70.0,5,6.838215
-70.0,5,6.842691
-95.0,5,6.849027
-70.0,5,6.853263
-70.0,5,6.858266
-95.0,5,6.862593
-70.0,5,6.871403
-70.0,5,6.876073
-70.0,5,6.880689
-70.0,5,6.885398
-70.0,5,6.891979
-70.0,5,6.896861
-70.0,5,6.901069
-70.0,5,6.905204
-70.0,5,6.911472
-120.0,5,6.915622
-70.0,5,6.922395
-70.0,5,6.927201
-70.0,5,6.933961
-70.0,5,6.938514
-70.0,5,6.942709
-70.0,5,6.946949
-95.0,5,6.953528
-95.0,5,6.958122
-70.0,5,6.963175
-70.0,5,6.967837
-95.0,5,6.975044
-70.0,5,6.979474
-95.0,5,6.984119
-95.0,5,6.988728
-70.0,5,6.995261
-70.0,5,6.999754
-70.0,5,7.004205
-120.0,5,7.008375
-70.0,5,7.015046
-70.0,5,7.020983
-70.0,5,7.027037
-70.0,5,7.034245
-70.0,5,7.045425
-95.0,5,7.050716
-70.0,5,7.056305
-70.0,5,7.062938
-95.0,5,7.071923
-95.0,5,7.078812
-70.0,5,7.084529
-95.0,5,7.089272
-70.0,5,7.096465
-70.0,5,7.101117
-70.0,5,7.105174
-70.0,5,7.109365
-95.0,5,7.115387
-70.0,5,7.121188
-70.0,5,7.126081
-70.0,5,7.130646
-120.0,5,7.137209
-70.0,5,7.141302
-70.0,5,7.147518
-70.0,5,7.152904
-70.0,5,7.159453
-70.0,5,7.163908
-70.0,5,7.168031
-70.0,5,7.172504
-70.0,5,7.178535
-70.0,5,7.182953
-70.0,5,7.187065
-70.0,5,7.190614
-70.0,5,7.198794
-95.0,5,7.205622
-70.0,5,7.211039
-70.0,5,7.215814
-70.0,5,7.222285
-70.0,5,7.226685
-70.0,5,7.231076
-70.0,5,7.234954
-70.0,5,7.241348
-70.0,5,7.245955
-70.0,5,7.252535
-70.0,5,7.257235
-70.0,5,7.263761
-70.0,5,7.268478
-70.0,5,7.27265
-70.0,5,7.276743
-70.0,5,7.282731
-70.0,5,7.286876
-70.0,5,7.293395
-70.0,5,7.301555
-70.0,5,7.310722
-70.0,5,7.316198
-70.0,5,7.321384
-70.0,5,7.326277
-70.0,5,7.333015
-120.0,5,7.337227
-70.0,5,7.34178
-95.0,5,7.346267
-70.0,5,7.352743
-70.0,5,7.35723
-70.0,5,7.363517
-70.0,5,7.368502
-70.0,5,7.375392
-95.0,5,7.379544
-70.0,5,7.383701
-70.0,5,7.388096
-70.0,5,7.394589
-70.0,5,7.399418
-70.0,5,7.405012
-70.0,5,7.410451
-70.0,5,7.420759
-70.0,5,7.42622
-70.0,5,7.431049
-70.0,5,7.435806
-70.0,5,7.442785
-70.0,5,7.447364
-70.0,5,7.451601
-70.0,5,7.456599
-70.0,5,7.46327
-70.0,5,7.46809
-95.0,5,7.474079
-70.0,5,7.478817
-70.0,5,7.485128
-70.0,5,7.489792
-70.0,5,7.494239
-70.0,5,7.49891
-70.0,5,7.505733
-70.0,5,7.510389
-70.0,5,7.515078
-70.0,5,7.519478
-70.0,5,7.527364
-70.0,5,7.532351
-70.0,5,7.5369
-70.0,5,7.541396
-70.0,5,7.547656
-70.0,5,7.552065
-70.0,5,7.556463
-70.0,5,7.560791
-70.0,5,7.567278
-70.0,5,7.57117
-70.0,5,7.577482
-70.0,5,7.582471
-70.0,5,7.588897
-70.0,5,7.593305
-70.0,5,7.597697
-70.0,5,7.602178
-70.0,5,7.608448
-70.0,5,7.612778
-70.0,5,7.617688
-70.0,5,7.622141
-70.0,5,7.630185
-70.0,5,7.634813
-70.0,5,7.639369
-70.0,5,7.643755
-70.0,5,7.650092
-70.0,5,7.654593
-70.0,5,7.659038
-70.0,5,7.663433
-70.0,5,7.670074
-70.0,5,7.674781
-70.0,5,7.681052
-70.0,5,7.68573
-70.0,5,7.691708
-70.0,5,7.696112
-70.0,5,7.700501
-70.0,5,7.704897
-70.0,5,7.711239
-70.0,5,7.715692
-70.0,5,7.720339
-70.0,5,7.725082
-70.0,5,7.73361
-70.0,5,7.739143
-70.0,5,7.743827
-70.0,5,7.747851
-70.0,5,7.753971
-70.0,5,7.758376
-70.0,5,7.762867
-70.0,5,7.767234
-70.0,5,7.773946
-70.0,5,7.778927
-70.0,5,7.785041
-70.0,5,7.789802
-95.0,5,7.795967
-70.0,5,7.800365
-70.0,5,7.80445
-70.0,5,7.808891
-70.0,5,7.815136
-70.0,5,7.819508
-95.0,5,7.823562
-70.0,5,7.827897
-70.0,5,7.836049
-70.0,5,7.840949
-70.0,5,7.84529
-70.0,5,7.849674
-70.0,5,7.855706
-70.0,5,7.859805
-70.0,5,7.86428
-70.0,5,7.868741
-95.0,5,7.874814
-70.0,5,7.878902
-70.0,5,7.88463
-70.0,5,7.889673
-70.0,5,7.895981
-70.0,5,7.900745
-70.0,5,7.905536
-70.0,5,7.910048
-70.0,5,7.916266
-70.0,5,7.920737
-70.0,5,7.925329
-95.0,5,7.929448
-70.0,5,7.93746
-70.0,5,7.942475
-70.0,5,7.947128
-70.0,5,7.951564
-70.0,5,7.957959
-70.0,5,7.9624
-95.0,5,7.966542
-70.0,5,7.970988
-70.0,5,7.977186
-70.0,5,7.981863
-70.0,5,7.988223
-70.0,5,7.992791
-70.0,5,7.9991
-70.0,5,8.003529
-70.0,5,8.007937
-70.0,5,8.012371
-70.0,5,8.018689
-70.0,5,8.022793
-70.0,5,8.02741
-70.0,5,8.032009
-70.0,5,8.043416
-70.0,5,8.048578
-70.0,5,8.05445
-70.0,5,8.060278
-70.0,5,8.067201
-70.0,5,8.072334
-70.0,5,8.07688
-70.0,5,8.081396
-70.0,5,8.088067
-70.0,5,8.09298
-70.0,5,8.098468
-70.0,5,8.103348
-70.0,5,8.109884
-70.0,5,8.114271
-70.0,5,8.118664
-70.0,5,8.123219
-70.0,5,8.129373
-70.0,5,8.133682
-70.0,5,8.138301
-70.0,5,8.142741
-70.0,5,8.151137
-70.0,5,8.155888
-70.0,5,8.160284
-70.0,5,8.164675
-70.0,5,8.171206
-70.0,5,8.175614
-95.0,5,8.179713
-70.0,5,8.183796
-70.0,5,8.190235
-70.0,5,8.194988
-70.0,5,8.201418
-70.0,5,8.206434
-70.0,5,8.21282
-70.0,5,8.217219
-70.0,5,8.221258
-70.0,5,8.225337
-70.0,5,8.231532
-70.0,5,8.23598
-70.0,5,8.240587
-70.0,5,8.244685
-70.0,5,8.253229
-95.0,5,8.257709
-70.0,5,8.262347
-70.0,5,8.26653
-70.0,5,8.273137
-70.0,5,8.27724
-70.0,5,8.281621
-70.0,5,8.286015
-70.0,5,8.292385
-70.0,5,8.296906
-70.0,5,8.303434
-70.0,5,8.308029
-70.0,5,8.314306
-70.0,5,8.31872
-70.0,5,8.323327
-70.0,5,8.327782
-70.0,5,8.335114
-70.0,5,8.339938
-70.0,5,8.343955
-70.0,5,8.348354
-70.0,5,8.357469
-70.0,5,8.362677
-70.0,5,8.367579
-95.0,5,8.372212
-70.0,5,8.378483
-95.0,5,8.38256
-70.0,5,8.387117
-70.0,5,8.391996
-70.0,5,8.398546
-95.0,5,8.402366
-70.0,5,8.407318
-70.0,5,8.413301
-70.0,5,8.420579
-70.0,5,8.424997
-70.0,5,8.429319
-70.0,5,8.433822
-70.0,5,8.440153
-70.0,5,8.444551
-70.0,5,8.449248
-70.0,5,8.453636
-70.0,5,8.461663
-70.0,5,8.466487
-70.0,5,8.471327
-70.0,5,8.475804
-95.0,5,8.481816
-70.0,5,8.486188
-70.0,5,8.490816
-70.0,5,8.495869
-70.0,5,8.502656
-70.0,5,8.507287
-70.0,5,8.514329
-70.0,5,8.519437
-70.0,5,8.525665
-70.0,5,8.530151
-70.0,5,8.534544
-70.0,5,8.538974
-70.0,5,8.544858
-70.0,5,8.549217
-70.0,5,8.553987
-95.0,5,8.55837
-70.0,5,8.565628
-70.0,5,8.570184
-70.0,5,8.574661
-70.0,5,8.579049
-70.0,5,8.58529
-70.0,5,8.589883
-95.0,5,8.593708
-70.0,5,8.598047
-70.0,5,8.604517
-70.0,5,8.609091
-70.0,5,8.615041
-70.0,5,8.619923
-70.0,5,8.626421
-70.0,5,8.631046
-95.0,5,8.63585
-70.0,5,8.640149
-70.0,5,8.646098
-70.0,5,8.650527
-70.0,5,8.655431
-70.0,5,8.659817
-95.0,5,8.667674
-70.0,5,8.672746
-70.0,5,8.677214
-95.0,5,8.682139
-70.0,5,8.689094
-70.0,5,8.693186
-70.0,5,8.697856
-70.0,5,8.702379
-70.0,5,8.709017
-70.0,5,8.713526
-70.0,5,8.719568
-70.0,5,8.723918
-70.0,5,8.730194
-70.0,5,8.734397
-70.0,5,8.738495
-70.0,5,8.74289
-70.0,5,8.748787
-70.0,5,8.753131
-70.0,5,8.757541
-70.0,5,8.762073
-70.0,5,8.77011
-70.0,5,8.774662
-70.0,5,8.778767
-70.0,5,8.783162
-70.0,5,8.789205
-70.0,5,8.793309
-70.0,5,8.797689
-70.0,5,8.802717
-70.0,5,8.809323
-70.0,5,8.813897
-70.0,5,8.820282
-70.0,5,8.825214
-70.0,5,8.831307
-70.0,5,8.83576
-70.0,5,8.840327
-70.0,5,8.844457
-70.0,5,8.850386
-70.0,5,8.854835
-70.0,5,8.859447
-70.0,5,8.863896
-95.0,5,8.871801
-70.0,5,8.876701
-70.0,5,8.881169
-70.0,5,8.885179
-70.0,5,8.891465
-70.0,5,8.895863
-70.0,5,8.900445
-70.0,5,8.906218
-70.0,5,8.917312
-70.0,5,8.927103
-70.0,5,8.93213
-70.0,5,8.938405
-70.0,5,8.95006
-70.0,5,8.956623
-70.0,5,8.963209
-70.0,5,8.968573
-70.0,5,8.976825
-70.0,5,8.981946
-70.0,5,8.986971
-95.0,5,8.991527
-70.0,5,9.000376
-70.0,5,9.005276
-70.0,5,9.010526
-70.0,5,9.015543
-70.0,5,9.023505
-70.0,5,9.028152
-70.0,5,9.032924
-70.0,5,9.03754
-70.0,5,9.048165
-70.0,5,9.054335
-70.0,5,9.0605
-70.0,5,9.065909
-70.0,5,9.073408
-70.0,5,9.077898
-70.0,5,9.082348
-70.0,5,9.086812
-70.0,5,9.092257
-70.0,5,9.096717
-70.0,5,9.101086
-70.0,5,9.105531
-95.0,5,9.113257
-70.0,5,9.11887
-70.0,5,9.124122
-70.0,5,9.128818
-70.0,5,9.135191
-70.0,5,9.139701
-70.0,5,9.144114
-70.0,5,9.148244
-70.0,5,9.154756
-70.0,5,9.159345
-70.0,5,9.165684
-70.0,5,9.170676
-70.0,5,9.177049
-70.0,5,9.181514
-70.0,5,9.18594
-95.0,5,9.189661
-70.0,5,9.195735
-70.0,5,9.200162
-70.0,5,9.204822
-70.0,5,9.208631
-70.0,5,9.21727
-70.0,5,9.222369
-70.0,5,9.226545
-70.0,5,9.230878
-70.0,5,9.237574
-70.0,5,9.242379
-70.0,5,9.246774
-70.0,5,9.251166
-70.0,5,9.258193
-70.0,5,9.262451
-70.0,5,9.2691
-70.0,5,9.273952
-70.0,5,9.280362
-70.0,5,9.28476
-95.0,5,9.289311
-95.0,5,9.293786
-70.0,5,9.301591
-95.0,5,9.310221
-70.0,5,9.318207
-70.0,5,9.327227
-70.0,5,9.336094
-70.0,5,9.341551
-70.0,5,9.346454
-70.0,5,9.351492
-70.0,5,9.358227
-70.0,5,9.362999
-70.0,5,9.367913
-70.0,5,9.37461
-70.0,5,9.384422
-70.0,5,9.390121
-70.0,5,9.396642
-70.0,5,9.404464
-70.0,5,9.413634
-70.0,5,9.419689
-70.0,5,9.425606
-70.0,5,9.43064
-70.0,5,9.437961
-70.0,5,9.442836
-70.0,5,9.448093
-70.0,5,9.456399
-70.0,5,9.468323
-70.0,5,9.476095
-70.0,5,9.482143
-70.0,5,9.488306
-70.0,5,9.496392
-70.0,5,9.501778
-95.0,5,9.507448
-70.0,5,9.514527
-70.0,5,9.523368
-70.0,5,9.53033
-70.0,5,9.535956
-70.0,5,9.543066
-95.0,5,9.550924
-70.0,5,9.55665
-70.0,5,9.561744
-70.0,5,9.566561
-70.0,5,9.573377
-70.0,5,9.578003
-70.0,5,9.582771
-70.0,5,9.587268
-70.0,5,9.595226
-70.0,5,9.600004
-70.0,5,9.604339
-95.0,5,9.608484
-70.0,5,9.614931
-70.0,5,9.619388
-70.0,5,9.623498
-70.0,5,9.629446
-70.0,5,9.641396
-70.0,5,9.649642
-70.0,5,9.656876
-70.0,5,9.662449
-70.0,5,9.671118
-70.0,5,9.676539
-70.0,5,9.681576
-70.0,5,9.686375
-70.0,5,9.69494
-70.0,5,9.702286
-70.0,5,9.7094
-95.0,5,9.71515
-70.0,5,9.723029
-70.0,5,9.728996
-70.0,5,9.733899
-70.0,5,9.740147
-70.0,5,9.749032
-120.0,5,9.755558
-70.0,5,9.761816
-70.0,5,9.766834
-70.0,5,9.775167
-70.0,5,9.781249
-95.0,5,9.786772
-70.0,5,9.792565
-95.0,5,9.799763
-95.0,5,9.804278
-95.0,5,9.80902
-95.0,5,9.81364
-70.0,5,9.820157
-70.0,5,9.824931
-70.0,5,9.830053
-70.0,5,9.834021
-70.0,5,9.843139
-70.0,5,9.849703
-70.0,5,9.85579
-70.0,5,9.862097
-95.0,5,9.871571
-95.0,5,9.877254
-70.0,5,9.882331
-120.0,5,9.887347
-70.0,5,9.894129
-95.0,5,9.899127
-70.0,5,9.905522
-70.0,5,9.91022
-70.0,5,9.916629
-120.0,5,9.921147
-70.0,5,9.925511
-95.0,5,9.929917
-95.0,5,9.936256
-70.0,5,9.942172
-70.0,5,9.948323
-95.0,5,9.953461
-70.0,5,9.962179
-95.0,5,9.966961
-70.0,5,9.97175
-70.0,5,9.975864
-70.0,5,9.982222
-70.0,5,9.986792
-70.0,5,9.992366
-70.0,5,9.997223
-70.0,5,10.004786
-95.0,5,10.010097
-95.0,5,10.016285
-95.0,5,10.021168
-95.0,5,10.027474
-70.0,5,10.032007
-70.0,5,10.037192
-70.0,5,10.042193
-70.0,5,10.048362
-95.0,5,10.052758
-70.0,5,10.057123
-95.0,5,10.06133
-70.0,5,10.069679
-70.0,5,10.075122
-70.0,5,10.080793
-95.0,5,10.085634
-70.0,5,10.09225
-70.0,5,10.096657
-70.0,5,10.101151
-70.0,5,10.105515
-70.0,5,10.113696
-70.0,5,10.120167
-70.0,5,10.125973
-70.0,5,10.130748
-70.0,5,10.137277
-70.0,5,10.141705
-70.0,5,10.146408
-70.0,5,10.151057
-70.0,5,10.157824
-70.0,5,10.162236
-70.0,5,10.16706
-70.0,5,10.171668
-70.0,5,10.181125
-70.0,5,10.186203
-70.0,5,10.190972
-95.0,5,10.195302
-70.0,5,10.201486
-70.0,5,10.205895
-70.0,5,10.210203
-70.0,5,10.214885
-95.0,5,10.221904
-70.0,5,10.22675
-70.0,5,10.233595
-120.0,5,10.238492
-70.0,5,10.245092
-70.0,5,10.249236
-70.0,5,10.25387
-70.0,5,10.258362
-70.0,5,10.264637
-70.0,5,10.268975
-70.0,5,10.273511
-70.0,5,10.2779
-70.0,5,10.286048
-70.0,5,10.290256
-70.0,5,10.294639
-70.0,5,10.299155
-95.0,5,10.305012
-70.0,5,10.309381
-70.0,5,10.315256
-95.0,5,10.319777
-70.0,5,10.326506
-70.0,5,10.330786
-95.0,5,10.338207
-70.0,5,10.34403
-95.0,5,10.35095
-70.0,5,10.355227
-95.0,5,10.359621
-70.0,5,10.364021
-70.0,5,10.370263
-120.0,5,10.37475
-95.0,5,10.379068
-95.0,5,10.383605
-120.0,5,10.390846
-95.0,5,10.396382
-95.0,5,10.400623
-70.0,5,10.405196
-70.0,5,10.41151
-95.0,5,10.415903
-120.0,5,10.42036
-95.0,5,10.424896
-70.0,5,10.431445
-95.0,5,10.435606
-70.0,5,10.440468
-120.0,5,10.446264
-70.0,5,10.453805
-120.0,5,10.458437
-95.0,5,10.462897
-70.0,5,10.467362
-120.0,5,10.474383
-70.0,5,10.478904
-95.0,5,10.483565
-70.0,5,10.487749
-95.0,5,10.495619
-95.0,5,10.500202
-70.0,5,10.504803
-70.0,5,10.509204
-95.0,5,10.516276
-70.0,5,10.52103
-120.0,5,10.525783
-70.0,5,10.530446
-70.0,5,10.537199
-95.0,5,10.541407
-70.0,5,10.548232
-70.0,5,10.554091
-70.0,5,10.561108
-70.0,5,10.565609
-70.0,5,10.569178
-70.0,5,10.573578
-95.0,5,10.579505
-70.0,5,10.583601
-70.0,5,10.588317
-70.0,5,10.592412
-70.0,5,10.600416
-70.0,5,10.605307
-70.0,5,10.60945
-70.0,5,10.613852
-70.0,5,10.620175
-70.0,5,10.624313
-95.0,5,10.628761
-70.0,5,10.633152
-70.0,5,10.639246
-95.0,5,10.643644
-95.0,5,10.650203
-95.0,5,10.655103
-70.0,5,10.661602
-70.0,5,10.666071
-95.0,5,10.670511
-70.0,5,10.674914
-70.0,5,10.681285
-70.0,5,10.685686
-95.0,5,10.689976
-120.0,5,10.694355
-70.0,5,10.702989
-95.0,5,10.707915
-70.0,5,10.712336
-70.0,5,10.716541
-120.0,5,10.722854
-70.0,5,10.727353
-70.0,5,10.731764
-95.0,5,10.736216
-70.0,5,10.742393
-70.0,5,10.74704
-70.0,5,10.753526
-120.0,5,10.758771
-70.0,5,10.765552
-70.0,5,10.770224
-70.0,5,10.775304
-95.0,5,10.781313
-95.0,5,10.788502
-95.0,5,10.792274
-70.0,5,10.796992
-70.0,5,10.801386
-95.0,5,10.809217
-95.0,5,10.814343
-70.0,5,10.819455
-70.0,5,10.824098
-95.0,5,10.830988
-95.0,5,10.835385
-95.0,5,10.839843
-70.0,5,10.84424
-95.0,5,10.850493
-95.0,5,10.857932
-70.0,5,10.864103
-95.0,5,10.869457
-70.0,5,10.877757
-70.0,5,10.88254
-70.0,5,10.887551
-95.0,5,10.892097
-95.0,5,10.898136
-95.0,5,10.902597
-70.0,5,10.907221
-70.0,5,10.911775
-95.0,5,10.920153
-70.0,5,10.925406
-70.0,5,10.929709
-95.0,5,10.934168
-95.0,5,10.940253
-95.0,5,10.944827
-70.0,5,10.949164
-70.0,5,10.953497
-95.0,5,10.959999
-95.0,5,10.964118
-95.0,5,10.971256
-70.0,5,10.976958
-70.0,5,10.983657
-120.0,5,10.989443
-70.0,5,10.994742
-70.0,5,10.999362
-95.0,5,11.005931
-70.0,5,11.010488
-70.0,5,11.015251
-70.0,5,11.019806
-70.0,5,11.027602
-120.0,5,11.031908
-70.0,5,11.036165
-70.0,5,11.040278
-95.0,5,11.046691
-95.0,5,11.0512
-70.0,5,11.056576
-70.0,5,11.061317
-70.0,5,11.068722
-120.0,5,11.076365
-95.0,5,11.082031
-95.0,5,11.087447
-70.0,5,11.094346
-70.0,5,11.09906
-70.0,5,11.103814
-95.0,5,11.110574
-95.0,5,11.121385
-95.0,5,11.127597
-70.0,5,11.133032
-95.0,5,11.137849
-95.0,5,11.146432
-70.0,5,11.151001
-120.0,5,11.155793
-70.0,5,11.159985
-95.0,5,11.166414
-95.0,5,11.171045
-95.0,5,11.175495
-95.0,5,11.179902
-120.0,5,11.186393
-95.0,5,11.190471
-70.0,5,11.196732
-70.0,5,11.201029
-70.0,5,11.207644
-70.0,5,11.212075
-120.0,5,11.216217
-95.0,5,11.220656
-95.0,5,11.226806
-95.0,5,11.231203
-120.0,5,11.235513
-95.0,5,11.239959
-70.0,5,11.247806
-95.0,5,11.252771
-95.0,5,11.257253
-95.0,5,11.261811
-95.0,5,11.268326
-95.0,5,11.272788
-120.0,5,11.277342
-120.0,5,11.281803
-70.0,5,11.288304
-120.0,5,11.29279
-70.0,5,11.298938
-95.0,5,11.303726
-70.0,5,11.310329
-95.0,5,11.314791
-95.0,5,11.318936
-70.0,5,11.323378
-70.0,5,11.329945
-95.0,5,11.334362
-70.0,5,11.339001
-70.0,5,11.34343
-95.0,5,11.350937
-95.0,5,11.355643
-70.0,5,11.360104
-70.0,5,11.364939
-120.0,5,11.371507
-70.0,5,11.375932
-95.0,5,11.380261
-120.0,5,11.384755
-95.0,5,11.391426
-70.0,5,11.396091
-70.0,5,11.402729
-95.0,5,11.408122
-70.0,5,11.414796
-70.0,5,11.419194
-95.0,5,11.422956
-70.0,5,11.427084
-70.0,5,11.433342
-95.0,5,11.437896
-95.0,5,11.442411
-70.0,5,11.446772
-70.0,5,11.4545
-95.0,5,11.458777
-95.0,5,11.463231
-70.0,5,11.467769
-70.0,5,11.474088
-70.0,5,11.478547
-70.0,5,11.482945
-120.0,5,11.486972
-70.0,5,11.493431
-95.0,5,11.497519
-70.0,5,11.503484
-70.0,5,11.508731
-70.0,5,11.517852
-70.0,5,11.523222
-70.0,5,11.528038
-120.0,5,11.532538
-70.0,5,11.539128
-70.0,5,11.543577
-70.0,5,11.548196
-70.0,5,11.552341
-70.0,5,11.5604
-70.0,5,11.565002
-70.0,5,11.569745
-70.0,5,11.57446
-70.0,5,11.580683
-70.0,5,11.585037
-95.0,5,11.589489
-95.0,5,11.59433
-70.0,5,11.601607
-95.0,5,11.606251
-70.0,5,11.612537
-95.0,5,11.617208
-70.0,5,11.624907
-70.0,5,11.629209
-70.0,5,11.633815
-70.0,5,11.639563
-70.0,5,11.646451
-95.0,5,11.650623
-95.0,5,11.655251
-70.0,5,11.659802
-70.0,5,11.668882
-95.0,5,11.6741
-70.0,5,11.678637
-70.0,5,11.683126
-70.0,5,11.689529
-70.0,5,11.693935
-70.0,5,11.69837
-70.0,5,11.702547
-70.0,5,11.709065
-70.0,5,11.713606
-95.0,5,11.719912
-70.0,5,11.725507
-70.0,5,11.732631
-70.0,5,11.73732
-70.0,5,11.741778
-70.0,5,11.746167
-70.0,5,11.75244
-70.0,5,11.756781
-95.0,5,11.761324
-70.0,5,11.765775
-70.0,5,11.77303
-95.0,5,11.779442
-70.0,5,11.783947
-95.0,5,11.788181
-70.0,5,11.794332
-95.0,5,11.798871
-70.0,5,11.803331
-70.0,5,11.807901
-95.0,5,11.814001
-70.0,5,11.817487
-70.0,5,11.822667
-95.0,5,11.828832
-120.0,5,11.836282
-95.0,5,11.841205
-95.0,5,11.845715
-70.0,5,11.850122
-70.0,5,11.858057
-70.0,5,11.863678
-70.0,5,11.868876
-120.0,5,11.873764
-70.0,5,11.88196
-70.0,5,11.88639
-95.0,5,11.891784
-70.0,5,11.897155
-95.0,5,11.903913
-70.0,5,11.908358
-70.0,5,11.912754
-95.0,5,11.917263
-95.0,5,11.923832
-70.0,5,11.928291
-120.0,5,11.934583
-95.0,5,11.939332
-70.0,5,11.945606
-70.0,5,11.949468
-95.0,5,11.95387
-70.0,5,11.959252
-95.0,5,11.967329
-95.0,5,11.972038
-95.0,5,11.976866
-70.0,5,11.98135
-70.0,5,11.989201
-95.0,5,11.994129
-95.0,5,11.998762
-95.0,5,12.002908
-95.0,5,12.009023
-120.0,5,12.013452
-95.0,5,12.017848
-95.0,5,12.022338
-70.0,5,12.028984
-70.0,5,12.033531
-70.0,5,12.039738
-70.0,5,12.044077
-95.0,5,12.050032
-95.0,5,12.05428
-70.0,5,12.058687
-95.0,5,12.063039
-120.0,5,12.069339
-95.0,5,12.073782
-95.0,5,12.079081
-70.0,5,12.083251
-95.0,5,12.08988
-95.0,5,12.097372
-120.0,5,12.103182
-95.0,5,12.110348
-95.0,5,12.120707
-95.0,5,12.126512
-120.0,5,12.131545
-120.0,5,12.136626
-70.0,5,12.14351
-70.0,5,12.148262
-95.0,5,12.154803
-70.0,5,12.159771
-120.0,5,12.16637
-95.0,5,12.171024
-95.0,5,12.175081
-95.0,5,12.179804
-95.0,5,12.186558
-95.0,5,12.191228
-95.0,5,12.195723
-120.0,5,12.200386
-70.0,5,12.209355
-95.0,5,12.215347
-95.0,5,12.219723
-95.0,5,12.225063
-95.0,5,12.232277
-120.0,5,12.238962
-95.0,5,12.245416
-95.0,5,12.251714
-95.0,5,12.261262
-95.0,5,12.267191
-95.0,5,12.272307
-70.0,5,12.277618
-120.0,5,12.286181
-95.0,5,12.294223
-95.0,5,12.300153
-70.0,5,12.306542
-95.0,5,12.314057
-95.0,5,12.319075
-95.0,5,12.324466
-70.0,5,12.328927
-95.0,5,12.338474
-70.0,5,12.343705
-70.0,5,12.348331
-95.0,5,12.352592
-95.0,5,12.359271
-120.0,5,12.363565
-95.0,5,12.368074
-95.0,5,12.372603
-95.0,5,12.379102
-120.0,5,12.383673
-70.0,5,12.390591
-95.0,5,12.395208
-95.0,5,12.401979
-95.0,5,12.406208
-120.0,5,12.410607
-95.0,5,12.414708
-95.0,5,12.421493
-120.0,5,12.425926
-95.0,5,12.430577
-120.0,5,12.435006
-95.0,5,12.442544
-120.0,5,12.447337
-95.0,5,12.451916
-95.0,5,12.45633
-70.0,5,12.462657
-120.0,5,12.46712
-120.0,5,12.47151
-95.0,5,12.475905
-95.0,5,12.482239
-95.0,5,12.486717
-70.0,5,12.492628
-120.0,5,12.497828
-70.0,5,12.504845
-70.0,5,12.510289
-95.0,5,12.515478
-70.0,5,12.520665
-120.0,5,12.5301
-95.0,5,12.535794
-95.0,5,12.541686
-70.0,5,12.549765
-70.0,5,12.558328
-70.0,5,12.565013
-95.0,5,12.571216
-95.0,5,12.577566
-120.0,5,12.585166
-95.0,5,12.591573
-95.0,5,12.59826
-95.0,5,12.603532
-120.0,5,12.613046
-70.0,5,12.618448
-70.0,5,12.624654
-70.0,5,12.631644
-95.0,5,12.639339
-70.0,5,12.646497
-95.0,5,12.652575
-95.0,5,12.658608
-95.0,5,12.667101
-95.0,5,12.673057
-70.0,5,12.67979
-70.0,5,12.685168
-70.0,5,12.695057
-120.0,5,12.700868
-95.0,5,12.706577
-70.0,5,12.712759
-95.0,5,12.720948
-70.0,5,12.727547
-120.0,5,12.73277
-70.0,5,12.73927
-70.0,5,12.747891
-120.0,5,12.75404
-70.0,5,12.760076
-120.0,5,12.765421
-95.0,5,12.772702
-95.0,5,12.779139
-70.0,5,12.784014
-95.0,5,12.788787
-70.0,5,12.797421
-95.0,5,12.802898
-95.0,5,12.807904
-70.0,5,12.812392
-120.0,5,12.822002
-95.0,5,12.827321
-95.0,5,12.832664
-70.0,5,12.837928
-70.0,5,12.844735
-70.0,5,12.849259
-70.0,5,12.853663
-70.0,5,12.858119
-95.0,5,12.86894
-70.0,5,12.876037
-70.0,5,12.881755
-95.0,5,12.887141
-95.0,5,12.894001
-95.0,5,12.899761
-70.0,5,12.905252
-70.0,5,12.910167
-95.0,5,12.916549
-70.0,5,12.921212
-70.0,5,12.926098
-95.0,5,12.9304
-70.0,5,12.939508
-120.0,5,12.945698
-95.0,5,12.950809
-70.0,5,12.956108
-95.0,5,12.962823
-95.0,5,12.967419
-70.0,5,12.972071
-95.0,5,12.976639
-70.0,5,12.987776
-70.0,5,12.993041
-70.0,5,12.999727
-95.0,5,13.005111
-95.0,5,13.011925
-70.0,5,13.016415
-95.0,5,13.020892
-70.0,5,13.025303
-95.0,5,13.033571
-95.0,5,13.038229
-70.0,5,13.04334
-70.0,5,13.047835
-95.0,5,13.055965
-70.0,5,13.060641
-120.0,5,13.064868
-95.0,5,13.068826
-70.0,5,13.075176
-95.0,5,13.079608
-95.0,5,13.084014
-70.0,5,13.088426
-120.0,5,13.094975
-70.0,5,13.099504
-95.0,5,13.10548
-70.0,5,13.110086
-70.0,5,13.116385
-120.0,5,13.120947
-95.0,5,13.12545
-95.0,5,13.130119
-70.0,5,13.13641
-95.0,5,13.140745
-95.0,5,13.145305
-95.0,5,13.149747
-95.0,5,13.156704
-120.0,5,13.162827
-95.0,5,13.168181
-95.0,5,13.173232
-120.0,5,13.179832
-95.0,5,13.183937
-120.0,5,13.188733
-70.0,5,13.193299
-95.0,5,13.199872
-95.0,5,13.204616
-70.0,5,13.210547
-70.0,5,13.215433
-95.0,5,13.222879
-95.0,5,13.227458
-70.0,5,13.231934
-95.0,5,13.236489
-95.0,5,13.242775
-70.0,5,13.247234
-95.0,5,13.251838
-95.0,5,13.256259
-95.0,5,13.264393
-95.0,5,13.26928
-95.0,5,13.273478
-70.0,5,13.277933
-95.0,5,13.286919
-95.0,5,13.292147
-70.0,5,13.296828
-95.0,5,13.304023
-120.0,5,13.314751
-120.0,5,13.322926
-95.0,5,13.329215
-120.0,5,13.334765
-70.0,5,13.344424
-120.0,5,13.350843
-70.0,5,13.356291
-95.0,5,13.362309
-70.0,5,13.371579
-95.0,5,13.378103
-95.0,5,13.383758
-95.0,5,13.391524
-95.0,5,13.401684
-95.0,5,13.409029
-95.0,5,13.414715
-120.0,5,13.422192
-70.0,5,13.433528
-95.0,5,13.441034
-120.0,5,13.449331
-70.0,5,13.455559
-120.0,5,13.46526
-95.0,5,13.470962
-120.0,5,13.476817
-95.0,5,13.48315
-120.0,5,13.494006
-95.0,5,13.499359
-95.0,5,13.505515
-95.0,5,13.511267
-120.0,5,13.518674
-70.0,5,13.523607
-120.0,5,13.528748
-95.0,5,13.533506
-95.0,5,13.541538
-120.0,5,13.546341
-70.0,5,13.550859
-95.0,5,13.555523
-95.0,5,13.562027
-95.0,5,13.566454
-70.0,5,13.570866
-95.0,5,13.575262
-95.0,5,13.581808
-95.0,5,13.586476
-70.0,5,13.592229
-70.0,5,13.597005
-70.0,5,13.603227
-95.0,5,13.607813
-120.0,5,13.61228
-95.0,5,13.616885
-95.0,5,13.623324
-120.0,5,13.627735
-95.0,5,13.632291
-95.0,5,13.636003
-120.0,5,13.644758
-120.0,5,13.649406
-95.0,5,13.653906
-120.0,5,13.658322
-95.0,5,13.664726
-120.0,5,13.669239
-120.0,5,13.673705
-95.0,5,13.679627
-70.0,5,13.686968
-120.0,5,13.692061
-120.0,5,13.698915
-95.0,5,13.703946
-95.0,5,13.710234
-120.0,5,13.714781
-120.0,5,13.719511
-95.0,5,13.725043
-120.0,5,13.735638
-120.0,5,13.741764
-120.0,5,13.747358
-120.0,5,13.752416
-120.0,5,13.761246
-120.0,5,13.767177
-95.0,5,13.774382
-120.0,5,13.779808
-95.0,5,13.788725
-120.0,5,13.794881
-120.0,5,13.799592
-120.0,5,13.804984
-120.0,5,13.812133
-120.0,5,13.817005
-120.0,5,13.824318
-95.0,5,13.829741
-120.0,5,13.837188
-120.0,5,13.841909
-120.0,5,13.846176
-120.0,5,13.850383
-120.0,5,13.857319
-95.0,5,13.861768
-120.0,5,13.866593
-120.0,5,13.871294
-120.0,5,13.87941
-120.0,5,13.883957
-95.0,5,13.88827
-120.0,5,13.89241
-120.0,5,13.898746
-120.0,5,13.903164
-95.0,5,13.907562
-120.0,5,13.913553
-120.0,5,13.921279
-120.0,5,13.926847
-120.0,5,13.932081
-120.0,5,13.936803
-120.0,5,13.946346
-120.0,5,13.954758
-120.0,5,13.961204
-120.0,5,13.966305
-95.0,5,13.973879
-120.0,5,13.979168
-95.0,5,13.984814
-120.0,5,13.989576
-120.0,5,13.998262
-95.0,5,14.002615
-120.0,5,14.00726
-120.0,5,14.012428
-95.0,5,14.019683
-120.0,5,14.025158
-95.0,5,14.029681
-120.0,5,14.034264
-95.0,5,14.04075
-120.0,5,14.045534
-120.0,5,14.052454
-120.0,5,14.05787
-95.0,5,14.06507
-120.0,5,14.070895
-120.0,5,14.076013
-120.0,5,14.080906
-70.0,5,14.087988
-70.0,5,14.092472
-95.0,5,14.099746
-95.0,5,14.107464
-95.0,5,14.117906
-95.0,5,14.125762
-95.0,5,14.131431
-95.0,5,14.136865
-70.0,5,14.143951
-95.0,5,14.150458
-120.0,5,14.157588
-70.0,5,14.162796
-95.0,5,14.170756
-95.0,5,14.176901
-95.0,5,14.182428
-95.0,5,14.187576
-120.0,5,14.19613
-95.0,5,14.201139
-95.0,5,14.206878
-120.0,5,14.211747
-70.0,5,14.220175
-95.0,5,14.22618
-95.0,5,14.231701
-120.0,5,14.23666
-70.0,5,14.248863
-95.0,5,14.255699
-95.0,5,14.261575
-70.0,5,14.266712
-95.0,5,14.273824
-120.0,5,14.278271
-120.0,5,14.2829
-70.0,5,14.287959
-70.0,5,14.295108
-70.0,5,14.299579
-95.0,5,14.306595
-95.0,5,14.311216
-95.0,5,14.319008
-95.0,5,14.32571
-70.0,5,14.331528
-95.0,5,14.336468
-70.0,5,14.346374
-95.0,5,14.351624
-120.0,5,14.358459
-95.0,5,14.363802
-95.0,5,14.372369
-95.0,5,14.378126
-95.0,5,14.383147
-120.0,5,14.388749
-95.0,5,14.396983
-95.0,5,14.402714
-95.0,5,14.408456
-70.0,5,14.414429
-95.0,5,14.42499
-95.0,5,14.431579
-70.0,5,14.437734
-70.0,5,14.443679
-95.0,5,14.451253
-70.0,5,14.456783
-95.0,5,14.461683
-70.0,5,14.466277
-70.0,5,14.473252
-95.0,5,14.478169
-95.0,5,14.483968
-95.0,5,14.488874
-95.0,5,14.497119
-95.0,5,14.501761
-120.0,5,14.506652
-70.0,5,14.511618
-95.0,5,14.517917
-95.0,5,14.52223
-120.0,5,14.526631
-95.0,5,14.531093
-120.0,5,14.537599
-95.0,5,14.543448
-70.0,5,14.549197
-95.0,5,14.554475
-120.0,5,14.561505
-70.0,5,14.566353
-70.0,5,14.570556
-70.0,5,14.575006
-70.0,5,14.581381
-70.0,5,14.585776
-120.0,5,14.590319
-95.0,5,14.594696
-70.0,5,14.602658
-120.0,5,14.607474
-120.0,5,14.612024
-95.0,5,14.616436
-95.0,5,14.623487
-120.0,5,14.628161
-95.0,5,14.632696
-120.0,5,14.637436
-95.0,5,14.644444
-70.0,5,14.649578
-95.0,5,14.655513
-95.0,5,14.659899
-95.0,5,14.666332
-120.0,5,14.670881
-95.0,5,14.674983
-120.0,5,14.679081
-120.0,5,14.685383
-95.0,5,14.690215
-120.0,5,14.694892
-120.0,5,14.699541
-120.0,5,14.708128
-120.0,5,14.713287
-95.0,5,14.717772
-120.0,5,14.723709
-95.0,5,14.730725
-120.0,5,14.735477
-95.0,5,14.739983
-120.0,5,14.744691
-120.0,5,14.751607
-120.0,5,14.755794
-120.0,5,14.761588
-120.0,5,14.766251
-120.0,5,14.774264
-120.0,5,14.781181
-95.0,5,14.787104
-120.0,5,14.792776
-120.0,5,14.799496
-120.0,5,14.80415
-120.0,5,14.809002
-120.0,5,14.813532
-120.0,5,14.822495
-95.0,5,14.827175
-120.0,5,14.831854
-120.0,5,14.83641
-120.0,5,14.842735
-120.0,5,14.847347
-120.0,5,14.851742
-95.0,5,14.855849
-120.0,5,14.862263
-120.0,5,14.866685
-120.0,5,14.873438
-120.0,5,14.87906
-120.0,5,14.885984
-120.0,5,14.889782
-120.0,5,14.894201
-120.0,5,14.898649
-95.0,5,14.904637
-120.0,5,14.908976
-120.0,5,14.913596
-120.0,5,14.918156
-120.0,5,14.925745
-95.0,5,14.932194
-120.0,5,14.939234
-120.0,5,14.94449
-120.0,5,14.951219
-120.0,5,14.956381
-120.0,5,14.961579
-95.0,5,14.966012
-120.0,5,14.972964
-120.0,5,14.977614
-120.0,5,14.984222
-120.0,5,14.989465
-120.0,5,14.996448
-120.0,5,15.000716
-120.0,5,15.005615
-120.0,5,15.009774
-120.0,5,15.016191
-120.0,5,15.021047
-95.0,5,15.025795
-95.0,5,15.030144
-120.0,5,15.038998
-120.0,5,15.043688
-120.0,5,15.049333
-120.0,5,15.05415
-120.0,5,15.06064
-95.0,5,15.06475
-120.0,5,15.06891
-95.0,5,15.07332
-120.0,5,15.07947
-120.0,5,15.083935
-120.0,5,15.088881
-120.0,5,15.094883
-95.0,5,15.101122
-95.0,5,15.105761
-95.0,5,15.110213
-95.0,5,15.114611
-120.0,5,15.12083
-95.0,5,15.124934
-120.0,5,15.129704
-120.0,5,15.134039
-120.0,5,15.141673
-95.0,5,15.146757
-120.0,5,15.151261
-120.0,5,15.155803
-120.0,5,15.162096
-120.0,5,15.166612
-120.0,5,15.171024
-120.0,5,15.175486
-120.0,5,15.182025
-120.0,5,15.186146
-120.0,5,15.192196
-120.0,5,15.197109
-95.0,5,15.203874
-95.0,5,15.208294
-120.0,5,15.212392
-120.0,5,15.216723
-120.0,5,15.223018
-70.0,5,15.227105
-95.0,5,15.231507
-120.0,5,15.236085
-95.0,5,15.244369
-95.0,5,15.248714
-70.0,5,15.253559
-120.0,5,15.258103
-95.0,5,15.264134
-95.0,5,15.268572
-120.0,5,15.272983
-95.0,5,15.277378
-95.0,5,15.283948
-95.0,5,15.288367
-70.0,5,15.295219
-95.0,5,15.299592
-95.0,5,15.30643
-95.0,5,15.310693
-95.0,5,15.315119
-70.0,5,15.319377
-95.0,5,15.325311
-70.0,5,15.329722
-95.0,5,15.334603
-120.0,5,15.33908
-70.0,5,15.347608
-70.0,5,15.352729
-70.0,5,15.357214
-120.0,5,15.361611
-95.0,5,15.367925
-70.0,5,15.372356
-95.0,5,15.376815
-95.0,5,15.381773
-120.0,5,15.389349
-120.0,5,15.394769
-120.0,5,15.400747
-70.0,5,15.40577
-95.0,5,15.412305
-95.0,5,15.416768
-70.0,5,15.420871
-70.0,5,15.425276
-70.0,5,15.431487
-95.0,5,15.435891
-95.0,5,15.440887
-95.0,5,15.449343
-95.0,5,15.461604
-95.0,5,15.468719
-120.0,5,15.474489
-120.0,5,15.480094
-120.0,5,15.488368
-120.0,5,15.493636
-120.0,5,15.499054
-120.0,5,15.5036
-95.0,5,15.512651
-70.0,5,15.520232
-120.0,5,15.529949
-120.0,5,15.536275
-120.0,5,15.545482
-120.0,5,15.551286
-120.0,5,15.557208
-120.0,5,15.562356
-120.0,5,15.570067
-95.0,5,15.574972
-120.0,5,15.580051
-95.0,5,15.5844
-120.0,5,15.592515
-120.0,5,15.598602
-120.0,5,15.604133
-120.0,5,15.608829
-120.0,5,15.615099
-95.0,5,15.620064
-120.0,5,15.625164
-120.0,5,15.62981
-95.0,5,15.636413
-120.0,5,15.641105
-120.0,5,15.647048
-120.0,5,15.652005
-120.0,5,15.658358
-120.0,5,15.662896
-120.0,5,15.667053
-95.0,5,15.67154
-120.0,5,15.678268
-120.0,5,15.682443
-120.0,5,15.687212
-120.0,5,15.691656
-120.0,5,15.69953
-95.0,5,15.704546
-120.0,5,15.70902
-120.0,5,15.713498
-120.0,5,15.719963
-120.0,5,15.724121
-120.0,5,15.72862
-120.0,5,15.733189
-120.0,5,15.741223
-120.0,5,15.746319
-120.0,5,15.752182
-120.0,5,15.756726
-120.0,5,15.763121
-120.0,5,15.768035
-120.0,5,15.77306
-120.0,5,15.781065
-120.0,5,15.789968
-120.0,5,15.795505
-120.0,5,15.800611
-120.0,5,15.806285
-120.0,5,15.815563
-95.0,5,15.820772
-120.0,5,15.82574
-120.0,5,15.830398
-120.0,5,15.837088
-120.0,5,15.841666
-120.0,5,15.846289
-120.0,5,15.850803
-120.0,5,15.857454
-120.0,5,15.862416
-120.0,5,15.869663
-120.0,5,15.875191
-120.0,5,15.882009
-120.0,5,15.886353
-120.0,5,15.890961
-120.0,5,15.895572
-120.0,5,15.90265
-120.0,5,15.907512
-120.0,5,15.911966
-120.0,5,15.916409
-120.0,5,15.924088
-120.0,5,15.929613
-120.0,5,15.934424
-120.0,5,15.939306
-120.0,5,15.94567
-120.0,5,15.950186
-120.0,5,15.954576
-120.0,5,15.95915
-120.0,5,15.966117
-120.0,5,15.970713
-120.0,5,15.976659
-120.0,5,15.981366
-120.0,5,15.987618
-120.0,5,15.992115
-120.0,5,15.996587
-120.0,5,16.000992
-95.0,5,16.007025
-120.0,5,16.011271
-120.0,5,16.016259
-120.0,5,16.020977
-120.0,5,16.029629
-120.0,5,16.035343
-120.0,5,16.040319
-120.0,5,16.044955
-120.0,5,16.051
-120.0,5,16.055528
-120.0,5,16.059789
-120.0,5,16.06418
-120.0,5,16.071357
-120.0,5,16.078784
-120.0,5,16.084293
-120.0,5,16.089303
-120.0,5,16.096211
-120.0,5,16.10042
-95.0,5,16.10458
-120.0,5,16.108665
-120.0,5,16.114673
-120.0,5,16.119138
-120.0,5,16.123823
-120.0,5,16.128293
-95.0,5,16.135952
-120.0,5,16.140463
-120.0,5,16.145084
-120.0,5,16.149829
-120.0,5,16.156431
-120.0,5,16.160958
-120.0,5,16.165412
-120.0,5,16.169927
-120.0,5,16.176645
-120.0,5,16.181256
-120.0,5,16.188088
-120.0,5,16.193563
-120.0,5,16.201136
-120.0,5,16.206077
-120.0,5,16.21057
-120.0,5,16.215172
-120.0,5,16.221816
-120.0,5,16.226231
-95.0,5,16.230517
-120.0,5,16.234965
-120.0,5,16.242768
-120.0,5,16.247512
-120.0,5,16.252418
-120.0,5,16.256953
-120.0,5,16.263394
-120.0,5,16.267256
-120.0,5,16.271763
-120.0,5,16.275624
-120.0,5,16.282178
-120.0,5,16.286929
-120.0,5,16.294871
-120.0,5,16.300251
-120.0,5,16.308138
-120.0,5,16.313581
-120.0,5,16.318951
-120.0,5,16.324285
-120.0,5,16.33162
-120.0,5,16.336229
-120.0,5,16.340964
-120.0,5,16.345526
-120.0,5,16.353495
-120.0,5,16.35823
-120.0,5,16.362734
-120.0,5,16.367312
-120.0,5,16.374055
-120.0,5,16.378693
-120.0,5,16.38318
-120.0,5,16.387389
-120.0,5,16.394098
-120.0,5,16.398642
-120.0,5,16.405298
-120.0,5,16.409746
-120.0,5,16.416176
-120.0,5,16.420742
-120.0,5,16.425448
-120.0,5,16.429625
-120.0,5,16.435901
-120.0,5,16.440304
-120.0,5,16.444886
-120.0,5,16.44938
-120.0,5,16.456412
-95.0,5,16.463774
-120.0,5,16.469112
-120.0,5,16.474079
-120.0,5,16.480658
-120.0,5,16.486672
-120.0,5,16.494013
-120.0,5,16.502955
-120.0,5,16.51302
-120.0,5,16.518734
-120.0,5,16.525341
-120.0,5,16.531343
-120.0,5,16.539399
-120.0,5,16.544342
-120.0,5,16.549406
-120.0,5,16.554168
-120.0,5,16.560723
-120.0,5,16.565248
-120.0,5,16.570121
-120.0,5,16.574672
-120.0,5,16.582492
-120.0,5,16.586914
-120.0,5,16.591096
-120.0,5,16.595741
-120.0,5,16.602251
-120.0,5,16.606832
-120.0,5,16.611287
-120.0,5,16.615785
-120.0,5,16.622341
-120.0,5,16.62689
-120.0,5,16.633227
-120.0,5,16.638264
-120.0,5,16.644689
-120.0,5,16.649103
-120.0,5,16.653254
-120.0,5,16.65772
-120.0,5,16.664167
-120.0,5,16.668706
-120.0,5,16.673107
-120.0,5,16.67762
-120.0,5,16.686534
-120.0,5,16.695035
-120.0,5,16.702428
-120.0,5,16.708688
-120.0,5,16.716408
-120.0,5,16.721324
-120.0,5,16.726557
-120.0,5,16.731477
-120.0,5,16.738506
-120.0,5,16.743521
-95.0,5,16.751107
-120.0,5,16.757212
-120.0,5,16.764792
-120.0,5,16.769953
-120.0,5,16.774468
-120.0,5,16.78152
-120.0,5,16.79514
-120.0,5,16.800952
-120.0,5,16.807395
-120.0,5,16.816484
-120.0,5,16.826648
-120.0,5,16.83202
-120.0,5,16.83754
-120.0,5,16.842351
-120.0,5,16.849349
-120.0,5,16.854313
-120.0,5,16.858864
-120.0,5,16.863431
-120.0,5,16.87025
-120.0,5,16.874793
-120.0,5,16.881347
-120.0,5,16.887276
-120.0,5,16.894428
-120.0,5,16.899182
-120.0,5,16.903861
-120.0,5,16.908419
-120.0,5,16.914729
-120.0,5,16.91938
-120.0,5,16.924248
-120.0,5,16.928708
-120.0,5,16.937424
-120.0,5,16.94286
-120.0,5,16.947678
-120.0,5,16.952361
-120.0,5,16.958337
-120.0,5,16.962232
-120.0,5,16.966706
-120.0,5,16.971364
-120.0,5,16.977962
-120.0,5,16.982473
-120.0,5,16.988694
-120.0,5,16.993384
-120.0,5,16.999785
-120.0,5,17.007537
-120.0,5,17.013936
-120.0,5,17.019461
-120.0,5,17.026391
-120.0,5,17.031034
-120.0,5,17.035435
-120.0,5,17.039892
-120.0,5,17.048937
-120.0,5,17.054064
-120.0,5,17.059141
-120.0,5,17.06392
-120.0,5,17.070622
-120.0,5,17.075925
-120.0,5,17.08117
-120.0,5,17.08558
-120.0,5,17.092243
-120.0,5,17.098514
-120.0,5,17.105093
-120.0,5,17.110297
-120.0,5,17.118247
-120.0,5,17.123408
-120.0,5,17.128364
-120.0,5,17.133052
-120.0,5,17.139374
-120.0,5,17.143198
-120.0,5,17.147572
-120.0,5,17.152146
-120.0,5,17.160209
-120.0,5,17.166813
-120.0,5,17.172257
-120.0,5,17.177354
-120.0,5,17.187454
-120.0,5,17.196042
-120.0,5,17.201774
-120.0,5,17.208497
-120.0,5,17.216119
-120.0,5,17.221853
-120.0,5,17.228817
-120.0,5,17.23385
-120.0,5,17.24058
-120.0,5,17.245185
-120.0,5,17.249761
-95.0,5,17.25402
-120.0,5,17.26037
-120.0,5,17.264758
-120.0,5,17.269367
-120.0,5,17.273805
-120.0,5,17.282286
-120.0,5,17.287205
-120.0,5,17.291677
-120.0,5,17.29599
-95.0,5,17.301838
-120.0,5,17.306246
-120.0,5,17.310702
-120.0,5,17.315198
-120.0,5,17.321811
-95.0,5,17.326849
-120.0,5,17.33312
-120.0,5,17.337809
-120.0,5,17.344235
-120.0,5,17.348753
-120.0,5,17.353231
-120.0,5,17.357804
-120.0,5,17.364235
-120.0,5,17.368738
-120.0,5,17.373353
-120.0,5,17.377843
-95.0,5,17.386344
-120.0,5,17.391141
-120.0,5,17.396049
-120.0,5,17.40146
-120.0,5,17.409254
-120.0,5,17.414704
-120.0,5,17.419811
-120.0,5,17.425505
-120.0,5,17.432856
-120.0,5,17.438587
-120.0,5,17.444967
-120.0,5,17.449709
-120.0,5,17.456804
-120.0,5,17.461107
-120.0,5,17.46563
-120.0,5,17.4702
-120.0,5,17.476527
-120.0,5,17.480998
-120.0,5,17.485701
-120.0,5,17.490369
-120.0,5,17.498936
-120.0,5,17.504194
-120.0,5,17.509351
-120.0,5,17.514525
-120.0,5,17.521392
-120.0,5,17.526222
-120.0,5,17.532384
-120.0,5,17.538321
-120.0,5,17.546215
-120.0,5,17.55425
-120.0,5,17.563048
-120.0,5,17.570119
-120.0,5,17.578304
-120.0,5,17.583937
-95.0,5,17.589468
-120.0,5,17.595367
-120.0,5,17.603703
-120.0,5,17.608992
-120.0,5,17.613921
-120.0,5,17.618356
-120.0,5,17.626322
-120.0,5,17.631111
-120.0,5,17.635585
-95.0,5,17.6397
-120.0,5,17.647448
-120.0,5,17.653032
-120.0,5,17.65809
-120.0,5,17.66261
-95.0,5,17.671665
-120.0,5,17.680952
-120.0,5,17.687881
-95.0,5,17.695152
-120.0,5,17.705477
-120.0,5,17.71102
-120.0,5,17.716442
-120.0,5,17.722788
-120.0,5,17.730579
-120.0,5,17.737372
-120.0,5,17.743198
-120.0,5,17.74857
-120.0,5,17.759048
-120.0,5,17.767073
-120.0,5,17.773753
-120.0,5,17.779682
-120.0,5,17.788575
-120.0,5,17.795181
-120.0,5,17.800408
-120.0,5,17.80581
-120.0,5,17.81419
-120.0,5,17.819951
-120.0,5,17.825426
-120.0,5,17.83057
-120.0,5,17.838855
-120.0,5,17.84387
-95.0,5,17.848199
-120.0,5,17.852782
-120.0,5,17.858921
-120.0,5,17.86329
-120.0,5,17.869792
-120.0,5,17.875541
-120.0,5,17.884781
-120.0,5,17.891691
-120.0,5,17.899153
-120.0,5,17.906003
-120.0,5,17.914338
-120.0,5,17.920266
-120.0,5,17.92755
-120.0,5,17.933571
-120.0,5,17.942785
-120.0,5,17.948395
-120.0,5,17.95401
-120.0,5,17.960848
-120.0,5,17.973321
-120.0,5,17.979684
-120.0,5,17.984713
-120.0,5,17.990048
-120.0,5,17.997249
-120.0,5,18.002384
-120.0,5,18.007444
-120.0,5,18.012045
-95.0,5,18.020339
-120.0,5,18.025497
-120.0,5,18.030224
-120.0,5,18.035219
-120.0,5,18.042102
-120.0,5,18.047806
-120.0,5,18.052852
-120.0,5,18.057442
-95.0,5,18.06391
-120.0,5,18.068609
-120.0,5,18.074517
-120.0,5,18.080177
-120.0,5,18.087118
-120.0,5,18.091669
-120.0,5,18.095834
-95.0,5,18.099639
-120.0,5,18.10601
-120.0,5,18.110162
-120.0,5,18.11497
-120.0,5,18.119384
-120.0,5,18.128484
-120.0,5,18.13424
-120.0,5,18.139391
-120.0,5,18.143942
-95.0,5,18.150021
-120.0,5,18.154512
-120.0,5,18.15902
-120.0,5,18.163442
-120.0,5,18.169942
-120.0,5,18.17546
-120.0,5,18.181051
-120.0,5,18.185484
-120.0,5,18.191832
-120.0,5,18.196249
-120.0,5,18.20063
-120.0,5,18.205045
-95.0,5,18.210966
-120.0,5,18.215305
-120.0,5,18.219705
-120.0,5,18.224121
-120.0,5,18.231692
-120.0,5,18.23667
-120.0,5,18.24079
-120.0,5,18.24494
-120.0,5,18.251324
-120.0,5,18.255866
-120.0,5,18.260269
-120.0,5,18.26467
-120.0,5,18.271218
-120.0,5,18.275702
-120.0,5,18.281125
-120.0,5,18.285954
-120.0,5,18.292287
-120.0,5,18.297165
-120.0,5,18.30177
-120.0,5,18.306521
-120.0,5,18.314244
-120.0,5,18.318881
-95.0,5,18.324132
-120.0,5,18.328712
-120.0,5,18.33807
-120.0,5,18.342676
-120.0,5,18.347248
-120.0,5,18.352185
-120.0,5,18.358639
-120.0,5,18.363047
-120.0,5,18.367185
-120.0,5,18.372108
-120.0,5,18.379533
-120.0,5,18.38444
-120.0,5,18.39079
-120.0,5,18.395485
-120.0,5,18.402362
-120.0,5,18.40659
-120.0,5,18.411062
-120.0,5,18.415667
-120.0,5,18.42233
-120.0,5,18.427856
-120.0,5,18.433392
-120.0,5,18.438225
-120.0,5,18.446523
-120.0,5,18.451378
-120.0,5,18.455885
-120.0,5,18.462704
-95.0,5,18.473479
-95.0,5,18.479581
-120.0,5,18.485191
-120.0,5,18.490284
-120.0,5,18.497732
-120.0,5,18.503204
-120.0,5,18.511775
-95.0,5,18.51709
-120.0,5,18.526876
-120.0,5,18.534022
-120.0,5,18.541687
-120.0,5,18.547543
-120.0,5,18.555515
-120.0,5,18.561364
-120.0,5,18.566603
-120.0,5,18.572085
-120.0,5,18.580736
-120.0,5,18.586739
-120.0,5,18.592339
-120.0,5,18.597424
-120.0,5,18.604468
-120.0,5,18.611151
-120.0,5,18.617141
-120.0,5,18.623304
-120.0,5,18.631457
-120.0,5,18.637889
-120.0,5,18.64369
-120.0,5,18.648837
-120.0,5,18.656118
-120.0,5,18.660781
-120.0,5,18.665398
-120.0,5,18.670108
-120.0,5,18.6773
-120.0,5,18.681848
-120.0,5,18.686636
-120.0,5,18.690844
-95.0,5,18.698509
-120.0,5,18.703397
-120.0,5,18.708425
-120.0,5,18.713106
-120.0,5,18.719473
-120.0,5,18.724001
-120.0,5,18.728525
-120.0,5,18.733009
-120.0,5,18.740905
-95.0,5,18.745773
-120.0,5,18.751224
-120.0,5,18.757648
-120.0,5,18.764551
-120.0,5,18.769315
-120.0,5,18.773904
-120.0,5,18.778102
-120.0,5,18.787752
-120.0,5,18.794482
-120.0,5,18.800291
-120.0,5,18.805941
-120.0,5,18.814265
-120.0,5,18.819657
-120.0,5,18.825727
-120.0,5,18.831756
-120.0,5,18.83863
-120.0,5,18.842888
-120.0,5,18.847415
-120.0,5,18.851896
-120.0,5,18.85852
-120.0,5,18.863057
-120.0,5,18.869381
-120.0,5,18.874215
-120.0,5,18.880507
-120.0,5,18.885031
-120.0,5,18.889449
-120.0,5,18.89395
-120.0,5,18.900164
-120.0,5,18.904632
-120.0,5,18.909343
-120.0,5,18.91378
-120.0,5,18.921907
-95.0,5,18.926553
-95.0,5,18.931048
-120.0,5,18.935771
-120.0,5,18.942896
-120.0,5,18.947648
-120.0,5,18.952495
-120.0,5,18.95722
-120.0,5,18.963923
-120.0,5,18.968653
-120.0,5,18.973719
-120.0,5,18.979851
-120.0,5,18.98685
-120.0,5,18.991038
-120.0,5,18.995164
-120.0,5,18.999201
-95.0,5,19.005258
-120.0,5,19.009715
-120.0,5,19.014336
-120.0,5,19.018818
-120.0,5,19.026646
-120.0,5,19.032059
-120.0,5,19.036916
-120.0,5,19.041956
-120.0,5,19.050916
-95.0,5,19.056665
-120.0,5,19.061523
-120.0,5,19.065882
-120.0,5,19.072536
-120.0,5,19.077136
-120.0,5,19.083374
-120.0,5,19.088783
-120.0,5,19.095772
-120.0,5,19.100304
-120.0,5,19.104433
-120.0,5,19.108837
-120.0,5,19.115241
-120.0,5,19.119867
-120.0,5,19.12504
-120.0,5,19.129631
-120.0,5,19.137688
-120.0,5,19.141923
-120.0,5,19.14644
-120.0,5,19.151074
-95.0,5,19.15953
-120.0,5,19.164877
-95.0,5,19.169369
-120.0,5,19.173782
-120.0,5,19.180423
-120.0,5,19.185092
-120.0,5,19.189907
-120.0,5,19.19612
-120.0,5,19.202558
-120.0,5,19.206917
-120.0,5,19.211306
-120.0,5,19.215694
-120.0,5,19.222034
-120.0,5,19.22729
-120.0,5,19.233232
-120.0,5,19.238028
-120.0,5,19.246876
-120.0,5,19.252266
-120.0,5,19.257335
-120.0,5,19.261683
-120.0,5,19.268475
-120.0,5,19.272944
-120.0,5,19.277348
-120.0,5,19.281463
-120.0,5,19.288096
-120.0,5,19.292681
-120.0,5,19.29851
-120.0,5,19.303382
-120.0,5,19.309721
-120.0,5,19.31414
-120.0,5,19.31854
-120.0,5,19.322927
-120.0,5,19.329243
-120.0,5,19.333754
-120.0,5,19.338383
-120.0,5,19.342782
-120.0,5,19.350573
-120.0,5,19.355339
-120.0,5,19.359711
-120.0,5,19.363765
-120.0,5,19.370088
-95.0,5,19.373818
-120.0,5,19.378222
-120.0,5,19.382397
-120.0,5,19.389012
-120.0,5,19.393583
-120.0,5,19.399695
-120.0,5,19.404026
-120.0,5,19.411487
-120.0,5,19.416191
-120.0,5,19.420359
-120.0,5,19.424777
-95.0,5,19.430781
-120.0,5,19.435262
-120.0,5,19.440167
-120.0,5,19.444804
-120.0,5,19.453037
-120.0,5,19.457771
-120.0,5,19.462404
-120.0,5,19.467068
-120.0,5,19.474149
-120.0,5,19.478765
-120.0,5,19.483499
-120.0,5,19.487915
-120.0,5,19.495048
-120.0,5,19.505036
-120.0,5,19.511517
-120.0,5,19.517193
-120.0,5,19.524415
-120.0,5,19.528737
-120.0,5,19.534188
-120.0,5,19.539338
-120.0,5,19.546345
-120.0,5,19.551043
-120.0,5,19.555954
-120.0,5,19.56085
-120.0,5,19.569356
-120.0,5,19.574581
-120.0,5,19.579362
-120.0,5,19.584027
-120.0,5,19.590386
-120.0,5,19.594499
-120.0,5,19.599094
-95.0,5,19.602838
-120.0,5,19.609248
-120.0,5,19.613733
-120.0,5,19.620087
-95.0,5,19.625036
-120.0,5,19.631859
-120.0,5,19.636284
-120.0,5,19.640779
-120.0,5,19.645178
-120.0,5,19.651388
-120.0,5,19.656186
-95.0,5,19.660866
-120.0,5,19.66561
-120.0,5,19.672575
-120.0,5,19.6781
-120.0,5,19.682663
-120.0,5,19.687221
-120.0,5,19.693448
-120.0,5,19.697845
-120.0,5,19.7023
-120.0,5,19.706749
-120.0,5,19.713331
-120.0,5,19.71792
-120.0,5,19.72264
-120.0,5,19.728789
-120.0,5,19.735907
-95.0,5,19.740025
-120.0,5,19.744426
-120.0,5,19.748763
-120.0,5,19.755085
-120.0,5,19.762086
-120.0,5,19.770627
-120.0,5,19.777448
-120.0,5,19.785237
-120.0,5,19.791245
-120.0,5,19.796767
-95.0,5,19.801294
-120.0,5,19.808996
-120.0,5,19.813576
-120.0,5,19.818235
-120.0,5,19.822735
-120.0,5,19.829379
-120.0,5,19.83459
-120.0,5,19.840751
-120.0,5,19.846045
-120.0,5,19.853035
-120.0,5,19.858101
-120.0,5,19.863757
-120.0,5,19.868692
-120.0,5,19.875456
-120.0,5,19.879525
-120.0,5,19.884637
-120.0,5,19.889316
-120.0,5,19.897214
-120.0,5,19.901984
-120.0,5,19.906419
-120.0,5,19.910838
-120.0,5,19.917139
-95.0,5,19.921083
-120.0,5,19.925488
-120.0,5,19.929822
-120.0,5,19.93791
-120.0,5,19.943578
-120.0,5,19.95128
-120.0,5,19.95877
-120.0,5,19.966778
-120.0,5,19.972805
-120.0,5,19.978327
-120.0,5,19.983943
-120.0,5,19.990705
-120.0,5,19.995313
-120.0,5,20.000331
-120.0,5,20.004835
-120.0,5,20.013602
-120.0,5,20.018668
-120.0,5,20.023168
-120.0,5,20.027643
-120.0,5,20.0339
-120.0,5,20.03825
-120.0,5,20.042656
-120.0,5,20.046819
-120.0,5,20.053452
-95.0,5,20.057866
-95.0,5,20.063718
-120.0,5,20.068728
-120.0,5,20.075065
-120.0,5,20.079477
-120.0,5,20.083915
-120.0,5,20.088296
-120.0,5,20.094258
-120.0,5,20.098661
-120.0,5,20.103536
-120.0,5,20.107974
-120.0,5,20.11621
-120.0,5,20.121033
-120.0,5,20.125452
-120.0,5,20.129788
-120.0,5,20.136373
-120.0,5,20.141086
-120.0,5,20.145521
-95.0,5,20.149649
-120.0,5,20.155962
-120.0,5,20.160325
-120.0,5,20.166329
-120.0,5,20.171557
-120.0,5,20.181072
-95.0,5,20.188997
-120.0,5,20.196234
-120.0,5,20.20219
-120.0,5,20.211153
-120.0,5,20.218789
-120.0,5,20.225913
-120.0,5,20.231621
-120.0,5,20.242089
-120.0,5,20.247304
-120.0,5,20.252454
-120.0,5,20.25741
-120.0,5,20.264123
-120.0,5,20.268806
-120.0,5,20.273421
-120.0,5,20.277863
-120.0,5,20.284516
-120.0,5,20.289986
-120.0,5,20.296347
-95.0,5,20.301274
-120.0,5,20.310662
-95.0,5,20.315563
-120.0,5,20.321176
-120.0,5,20.326869
-120.0,5,20.333731
-120.0,5,20.3387
-120.0,5,20.343443
-120.0,5,20.347891
-120.0,5,20.356457
-120.0,5,20.361132
-120.0,5,20.365678
-120.0,5,20.370548
-120.0,5,20.377577
-120.0,5,20.382204
-120.0,5,20.386625
-120.0,5,20.3916
-120.0,5,20.398247
-120.0,5,20.402604
-120.0,5,20.408491
-120.0,5,20.413491
-120.0,5,20.420228
-120.0,5,20.424643
-120.0,5,20.429625
-120.0,5,20.434111
-120.0,5,20.440832
-120.0,5,20.445536
-120.0,5,20.45051
-95.0,5,20.454764
-120.0,5,20.463394
-120.0,5,20.468643
-120.0,5,20.47284
-120.0,5,20.478162
-120.0,5,20.485433
-120.0,5,20.490248
-95.0,5,20.494153
-120.0,5,20.498646
-120.0,5,20.505681
-120.0,5,20.510308
-120.0,5,20.516265
-120.0,5,20.520677
-120.0,5,20.526833
-120.0,5,20.531667
-120.0,5,20.536132
-120.0,5,20.540613
-120.0,5,20.547036
-120.0,5,20.551637
-120.0,5,20.557137
-120.0,5,20.561878
-120.0,5,20.571494
-120.0,5,20.577311
-120.0,5,20.583417
-120.0,5,20.58827
-120.0,5,20.594803
-120.0,5,20.599127
-120.0,5,20.603743
-120.0,5,20.608313
-120.0,5,20.614978
-120.0,5,20.619613
-120.0,5,20.625941
-120.0,5,20.631611
-120.0,5,20.638681
-120.0,5,20.643124
-120.0,5,20.64791
-120.0,5,20.652183
-120.0,5,20.65835
-120.0,5,20.66279
-120.0,5,20.667564
-120.0,5,20.671975
-120.0,5,20.681781
-120.0,5,20.687362
-120.0,5,20.692302
-120.0,5,20.698469
-120.0,5,20.709993
-120.0,5,20.715586
-120.0,5,20.722247
-120.0,5,20.727907
-120.0,5,20.735412
-95.0,5,20.740515
-120.0,5,20.746933
-120.0,5,20.752118
-120.0,5,20.759181
-120.0,5,20.763574
-120.0,5,20.768353
-120.0,5,20.772882
-120.0,5,20.779338
-120.0,5,20.783751
-120.0,5,20.788315
-120.0,5,20.792702
-120.0,5,20.801054
-120.0,5,20.805921
-120.0,5,20.812187
-120.0,5,20.817032
-120.0,5,20.823388
-95.0,5,20.827425
-120.0,5,20.831464
-120.0,5,20.835726
-120.0,5,20.843245
-120.0,5,20.848277
-120.0,5,20.853984
-120.0,5,20.858598
-120.0,5,20.865095
-120.0,5,20.869574
-120.0,5,20.873554
-120.0,5,20.877975
-120.0,5,20.884363
-120.0,5,20.889204
-120.0,5,20.894445
-120.0,5,20.89899
-120.0,5,20.907146
-120.0,5,20.913664
-120.0,5,20.918675
-120.0,5,20.9235
-120.0,5,20.930034
-120.0,5,20.934591
-120.0,5,20.939062
-120.0,5,20.943521
-120.0,5,20.949634
-120.0,5,20.95378
-120.0,5,20.960058
-120.0,5,20.965117
-120.0,5,20.971698
-120.0,5,20.976127
-120.0,5,20.980236
-120.0,5,20.984919
-120.0,5,20.99133
-120.0,5,20.995856
-120.0,5,21.000183
-120.0,5,21.00463
-120.0,5,21.013558
-120.0,5,21.019102
-120.0,5,21.023893
-120.0,5,21.02833
-120.0,5,21.034677
-120.0,5,21.03908
-120.0,5,21.043467
-120.0,5,21.04834
-120.0,5,21.055522
-120.0,5,21.060188
-95.0,5,21.065485
-120.0,5,21.070661
-120.0,5,21.077191
-120.0,5,21.081656
-120.0,5,21.0862
-120.0,5,21.090792
-120.0,5,21.097469
-120.0,5,21.101894
-120.0,5,21.106328
-120.0,5,21.11063
-120.0,5,21.118575
-120.0,5,21.123213
-120.0,5,21.127629
-120.0,5,21.132036
-120.0,5,21.138295
-120.0,5,21.142705
-120.0,5,21.147165
-120.0,5,21.151332
-120.0,5,21.157475
-120.0,5,21.161889
-120.0,5,21.168624
-120.0,5,21.174156
-120.0,5,21.180844
-120.0,5,21.185063
-120.0,5,21.189517
-120.0,5,21.193728
-120.0,5,21.200794
-120.0,5,21.20617
-120.0,5,21.211544
-120.0,5,21.216771
-120.0,5,21.224633
-120.0,5,21.230145
-120.0,5,21.234684
-120.0,5,21.239181
-120.0,5,21.245639
-120.0,5,21.249992
-120.0,5,21.254358
-120.0,5,21.258924
-120.0,5,21.265572
-120.0,5,21.269853
-120.0,5,21.276265
-120.0,5,21.280713
-120.0,5,21.286787
-120.0,5,21.292467
-120.0,5,21.296858
-120.0,5,21.300961
-120.0,5,21.308302
-120.0,5,21.31533
-120.0,5,21.321577
-120.0,5,21.328053
-120.0,5,21.335643
-120.0,5,21.341618
-120.0,5,21.350338
-120.0,5,21.35868
-120.0,5,21.368135
-120.0,5,21.3745
-120.0,5,21.380468
-120.0,5,21.385929
-95.0,5,21.392781
-120.0,5,21.39762
-95.0,5,21.404543
-120.0,5,21.409854
-120.0,5,21.417103
-120.0,5,21.422097
-120.0,5,21.426365
-120.0,5,21.434117
-120.0,5,21.446433
-120.0,5,21.453709
-120.0,5,21.461653
-120.0,5,21.467207
-120.0,5,21.477442
-120.0,5,21.482876
-120.0,5,21.48804
-120.0,5,21.492979
-120.0,5,21.499528
-120.0,5,21.503991
-120.0,5,21.508506
-120.0,5,21.513615
-120.0,5,21.520655
-120.0,5,21.525422
-120.0,5,21.532179
-120.0,5,21.538027
-120.0,5,21.544855
-120.0,5,21.549304
-120.0,5,21.553769
-120.0,5,21.557861
-120.0,5,21.564224
-120.0,5,21.568789
-120.0,5,21.573694
-120.0,5,21.578102
-120.0,5,21.58829
-120.0,5,21.595083
-120.0,5,21.600951
-120.0,5,21.607156
-120.0,5,21.615766
-120.0,5,21.621855
-120.0,5,21.627235
-120.0,5,21.632334
-120.0,5,21.640279
-120.0,5,21.645758
-95.0,5,21.651001
-120.0,5,21.656199
-120.0,5,21.662461
-120.0,5,21.667257
-120.0,5,21.672091
-120.0,5,21.676671
-120.0,5,21.682997
-120.0,5,21.687629
-120.0,5,21.692321
-120.0,5,21.696767
-120.0,5,21.705176
-120.0,5,21.70993
-120.0,5,21.716385
-95.0,5,21.724421
-120.0,5,21.733088
-120.0,5,21.739952
-120.0,5,21.745873
-120.0,5,21.750941
-120.0,5,21.758418
-120.0,5,21.763794
-120.0,5,21.769964
-120.0,5,21.774708
-120.0,5,21.781406
-120.0,5,21.786018
-120.0,5,21.7907
-120.0,5,21.794624
-120.0,5,21.801064
-120.0,5,21.805481
-120.0,5,21.80979
-120.0,5,21.814187
-120.0,5,21.822074
-120.0,5,21.826699
-120.0,5,21.830867
-120.0,5,21.835377
-120.0,5,21.841086
-120.0,5,21.845499
-120.0,5,21.849937
-120.0,5,21.854318
-120.0,5,21.860816
-120.0,5,21.865324
-120.0,5,21.871912
-120.0,5,21.87665
-120.0,5,21.88314
-120.0,5,21.887343
-120.0,5,21.89179
-120.0,5,21.897733
-120.0,5,21.905208
-120.0,5,21.910198
-120.0,5,21.914523
-120.0,5,21.920027
-120.0,5,21.93323
-120.0,5,21.939259
-120.0,5,21.945101
-120.0,5,21.949636
-120.0,5,21.957378
-120.0,5,21.962593
-120.0,5,21.970376
-120.0,5,21.977538
-120.0,5,21.985697
-120.0,5,21.991405
-120.0,5,21.996588
-120.0,5,22.001728
-120.0,5,22.009898
-120.0,5,22.014809
-120.0,5,22.019874
-120.0,5,22.024617
-120.0,5,22.032467
-120.0,5,22.038093
-120.0,5,22.043712
-95.0,5,22.048596
-120.0,5,22.058655
-120.0,5,22.065083
-120.0,5,22.070515
-120.0,5,22.076701
-120.0,5,22.083969
-120.0,5,22.088714
-120.0,5,22.093772
-120.0,5,22.098585
-120.0,5,22.105392
-120.0,5,22.110198
-120.0,5,22.117985
-120.0,5,22.124482
-120.0,5,22.13222
-95.0,5,22.137098
-120.0,5,22.14183
-120.0,5,22.146414
-95.0,5,22.152803
-120.0,5,22.157422
-120.0,5,22.162113
-120.0,5,22.166369
-120.0,5,22.173336
-120.0,5,22.178937
-120.0,5,22.183365
-120.0,5,22.188014
-120.0,5,22.193976
-120.0,5,22.198446
-120.0,5,22.20285
-120.0,5,22.20734
-120.0,5,22.213942
-120.0,5,22.218654
-120.0,5,22.224419
-120.0,5,22.229546
-120.0,5,22.236273
-120.0,5,22.240374
-120.0,5,22.244782
-120.0,5,22.24892
-120.0,5,22.255329
-120.0,5,22.260153
-120.0,5,22.265149
-120.0,5,22.269895
-120.0,5,22.277514
-120.0,5,22.281996
-120.0,5,22.28739
-120.0,5,22.292292
-120.0,5,22.298912
-120.0,5,22.303423
-120.0,5,22.308142
-120.0,5,22.313369
-120.0,5,22.320709
-120.0,5,22.3259
-120.0,5,22.332064
-120.0,5,22.336878
-120.0,5,22.343233
-120.0,5,22.347756
-120.0,5,22.352368
-120.0,5,22.356767
-120.0,5,22.363065
-120.0,5,22.367498
-95.0,5,22.371758
-120.0,5,22.375847
-120.0,5,22.384606
-95.0,5,22.389532
-120.0,5,22.394315
-120.0,5,22.398485
-120.0,5,22.404838
-95.0,5,22.408991
-120.0,5,22.413422
-120.0,5,22.418186
-120.0,5,22.425303
-95.0,5,22.429593
-120.0,5,22.436234
-120.0,5,22.441833
-120.0,5,22.448686
-120.0,5,22.452944
-120.0,5,22.457339
-120.0,5,22.461839
-120.0,5,22.468112
-120.0,5,22.472529
-120.0,5,22.477104
-120.0,5,22.481542
-120.0,5,22.4884
-120.0,5,22.496194
-120.0,5,22.501476
-120.0,5,22.506487
-120.0,5,22.513372
-120.0,5,22.51946
-120.0,5,22.527455
-120.0,5,22.533534
-120.0,5,22.541489
-120.0,5,22.547716
-120.0,5,22.553211
-120.0,5,22.559685
-120.0,5,22.567427
-120.0,5,22.572636
-120.0,5,22.577333
-120.0,5,22.582289
-120.0,5,22.591023
-120.0,5,22.596192
-120.0,5,22.601873
-120.0,5,22.606577
-120.0,5,22.616013
-120.0,5,22.6211
-95.0,5,22.625021
-120.0,5,22.629785
-120.0,5,22.636273
-120.0,5,22.640351
-95.0,5,22.645168
-120.0,5,22.650319
-120.0,5,22.657206
-120.0,5,22.661966
-120.0,5,22.668197
-120.0,5,22.672605
-120.0,5,22.678915
-120.0,5,22.683332
-95.0,5,22.687427
-120.0,5,22.691833
-120.0,5,22.698258
-120.0,5,22.702899
-95.0,5,22.707324
-120.0,5,22.711775
-120.0,5,22.720571
-95.0,5,22.727268
-120.0,5,22.732329
-120.0,5,22.738899
-95.0,5,22.747707
-120.0,5,22.752778
-120.0,5,22.757379
-120.0,5,22.762125
-120.0,5,22.769255
-120.0,5,22.77419
-120.0,5,22.780851
-120.0,5,22.785792
-120.0,5,22.792363
-120.0,5,22.797954
-120.0,5,22.802869
-95.0,5,22.807088
-120.0,5,22.813415
-120.0,5,22.820501
-120.0,5,22.827263
-120.0,5,22.833334
-120.0,5,22.843486
-120.0,5,22.848366
-120.0,5,22.853489
-120.0,5,22.858221
-120.0,5,22.865265
-120.0,5,22.870846
-120.0,5,22.875176
-120.0,5,22.879796
-120.0,5,22.886779
-120.0,5,22.891154
-95.0,5,22.89685
-120.0,5,22.90166
-120.0,5,22.90822
-120.0,5,22.912318
-120.0,5,22.916969
-120.0,5,22.921658
-120.0,5,22.928052
-120.0,5,22.93248
-120.0,5,22.93722
-120.0,5,22.941984
-120.0,5,22.950056
-120.0,5,22.954455
-120.0,5,22.958921
-120.0,5,22.963373
-120.0,5,22.969653
-95.0,5,22.973689
-120.0,5,22.978176
-120.0,5,22.982596
-120.0,5,22.989157
-120.0,5,22.993669
-95.0,5,22.999156
-120.0,5,23.003777
-120.0,5,23.01008
-120.0,5,23.014539
-120.0,5,23.018975
-120.0,5,23.023515
-95.0,5,23.029269
-120.0,5,23.03352
-120.0,5,23.03857
-120.0,5,23.043059
-120.0,5,23.051311
-120.0,5,23.055706
-120.0,5,23.060267
-120.0,5,23.064663
-120.0,5,23.071105
-120.0,5,23.07558
-120.0,5,23.080002
-120.0,5,23.084453
-120.0,5,23.090572
-120.0,5,23.095555
-120.0,5,23.102545
-120.0,5,23.108633
-120.0,5,23.115746
-120.0,5,23.12032
-120.0,5,23.124728
-120.0,5,23.129282
-120.0,5,23.135849
-120.0,5,23.140649
-120.0,5,23.146021
-95.0,5,23.150225
-120.0,5,23.157698
-120.0,5,23.162778
-120.0,5,23.168561
-120.0,5,23.173076
-120.0,5,23.179538
-120.0,5,23.184163
-120.0,5,23.18856
-120.0,5,23.192937
-120.0,5,23.199757
-95.0,5,23.204196
-120.0,5,23.210473
-120.0,5,23.215133
-120.0,5,23.221384
-120.0,5,23.225749
-120.0,5,23.229975
-120.0,5,23.234434
-120.0,5,23.241409
-120.0,5,23.246316
-120.0,5,23.251215
-120.0,5,23.256029
-120.0,5,23.26401
-120.0,5,23.268742
-120.0,5,23.272931
-120.0,5,23.277029
-120.0,5,23.283284
-120.0,5,23.287696
-120.0,5,23.292154
-120.0,5,23.296554
-120.0,5,23.30308
-120.0,5,23.307593
-120.0,5,23.313952
-120.0,5,23.318959
-120.0,5,23.325462
-120.0,5,23.329925
-120.0,5,23.334435
-120.0,5,23.338783
-120.0,5,23.346635
-120.0,5,23.3522
-120.0,5,23.357301
-120.0,5,23.361879
-120.0,5,23.370553
-120.0,5,23.375435
-120.0,5,23.379875
-120.0,5,23.384277
-120.0,5,23.390618
-120.0,5,23.39472
-120.0,5,23.399144
-120.0,5,23.403599
-120.0,5,23.410319
-120.0,5,23.414774
-120.0,5,23.420717
-120.0,5,23.425549
-120.0,5,23.4331
-120.0,5,23.438745
-120.0,5,23.443535
-120.0,5,23.448126
-120.0,5,23.454483
-120.0,5,23.458887
-120.0,5,23.463558
-120.0,5,23.468467
-120.0,5,23.478367
-120.0,5,23.484183
-120.0,5,23.489323
-120.0,5,23.493656
-120.0,5,23.500499
-120.0,5,23.505339
-120.0,5,23.509454
-120.0,5,23.51385
-120.0,5,23.520496
-120.0,5,23.524937
-120.0,5,23.531035
-120.0,5,23.535948
-120.0,5,23.543824
-120.0,5,23.548513
-120.0,5,23.553339
-120.0,5,23.558155
-120.0,5,23.564867
-120.0,5,23.56947
-120.0,5,23.573576
-120.0,5,23.578029
-120.0,5,23.58652
-120.0,5,23.590989
-120.0,5,23.595403
-120.0,5,23.599823
-120.0,5,23.60621
-120.0,5,23.610616
-120.0,5,23.615207
-120.0,5,23.61972
-120.0,5,23.629727
-120.0,5,23.63722
-120.0,5,23.64315
-120.0,5,23.648231
-120.0,5,23.655495
-120.0,5,23.660308
-120.0,5,23.664741
-120.0,5,23.669287
-120.0,5,23.675561
-120.0,5,23.679971
-120.0,5,23.68399
-120.0,5,23.68775
-120.0,5,23.69526
-120.0,5,23.700155
-120.0,5,23.704736
-120.0,5,23.709154
-95.0,5,23.715125
-120.0,5,23.719292
-120.0,5,23.723773
-120.0,5,23.728268
-120.0,5,23.735421
-120.0,5,23.740193
-120.0,5,23.746153
-120.0,5,23.75034
-120.0,5,23.756467
-120.0,5,23.760892
-120.0,5,23.765306
-120.0,5,23.770172
-120.0,5,23.776706
-120.0,5,23.782306
-120.0,5,23.787757
-120.0,5,23.792304
-120.0,5,23.800534
-120.0,5,23.805592
-120.0,5,23.809931
-120.0,5,23.814153
-120.0,5,23.820783
-120.0,5,23.825178
-120.0,5,23.829636
-120.0,5,23.834131
-120.0,5,23.840596
-120.0,5,23.845119
-120.0,5,23.851294
-120.0,5,23.856145
-120.0,5,23.862594
-120.0,5,23.86741
-120.0,5,23.872146
-120.0,5,23.87661
-120.0,5,23.883051
-120.0,5,23.887522
-120.0,5,23.892066
-120.0,5,23.896568
-120.0,5,23.904666
-120.0,5,23.909038
-120.0,5,23.91345
-120.0,5,23.917992
-120.0,5,23.924438
-120.0,5,23.929001
-120.0,5,23.933337
-120.0,5,23.937674
-120.0,5,23.944309
-120.0,5,23.949136
-120.0,5,23.955355
-120.0,5,23.960466
-95.0,5,23.966774
-120.0,5,23.971299
-120.0,5,23.975763
-120.0,5,23.980103
-120.0,5,23.986619
-120.0,5,23.991433
-120.0,5,23.996312
-120.0,5,24.000577
-120.0,5,24.008391
-120.0,5,24.01338
-120.0,5,24.017929
-120.0,5,24.022358
-120.0,5,24.028671
-120.0,5,24.032967
-120.0,5,24.037851
-120.0,5,24.041937
-120.0,5,24.048467
-120.0,5,24.0533
-120.0,5,24.059679
-120.0,5,24.065306
-120.0,5,24.072994
-120.0,5,24.077687
-120.0,5,24.082354
-120.0,5,24.086676
-120.0,5,24.093018
-120.0,5,24.097504
-120.0,5,24.102547
-120.0,5,24.106913
-120.0,5,24.114951
-120.0,5,24.11998
-120.0,5,24.124596
-120.0,5,24.131015
-120.0,5,24.139661
-120.0,5,24.144212
-95.0,5,24.14843
-120.0,5,24.15293
-120.0,5,24.159534
-120.0,5,24.164013
-120.0,5,24.171081
-120.0,5,24.17603
-95.0,5,24.182398
-120.0,5,24.186845
-120.0,5,24.191293
-120.0,5,24.195801
-120.0,5,24.202236
-120.0,5,24.206428
-120.0,5,24.210848
-120.0,5,24.215274
-120.0,5,24.222351
-120.0,5,24.228811
-120.0,5,24.234248
-120.0,5,24.238958
-120.0,5,24.245729
-120.0,5,24.250856
-120.0,5,24.255805
-120.0,5,24.260476
-120.0,5,24.268425
-120.0,5,24.273366
-120.0,5,24.279784
-120.0,5,24.285123
-95.0,5,24.291387
-120.0,5,24.29553
-120.0,5,24.299987
-120.0,5,24.304393
-120.0,5,24.31072
-120.0,5,24.315147
-120.0,5,24.319234
-120.0,5,24.323957
-120.0,5,24.335123
-120.0,5,24.341109
-120.0,5,24.346222
-120.0,5,24.350939
-120.0,5,24.357608
-120.0,5,24.361928
-120.0,5,24.366603
-120.0,5,24.371503
-95.0,5,24.378381
-120.0,5,24.383345
-120.0,5,24.390047
-120.0,5,24.39468
-120.0,5,24.401362
-120.0,5,24.405946
-120.0,5,24.410659
-120.0,5,24.414763
-120.0,5,24.42112
-120.0,5,24.425563
-120.0,5,24.430226
-120.0,5,24.435048
-120.0,5,24.442958
-120.0,5,24.447789
-95.0,5,24.452065
-95.0,5,24.45662
-95.0,5,24.4629
-95.0,5,24.467618
-95.0,5,24.472176
-70.0,5,24.476599
-95.0,5,24.483254
-95.0,5,24.487756
-70.0,5,24.493785
-70.0,5,24.498362
-70.0,5,24.505388
-70.0,5,24.509554
-95.0,5,24.513978
-95.0,5,24.517776
-95.0,5,24.524555
-70.0,5,24.52885
-70.0,5,24.534397
-95.0,5,24.539157
-70.0,5,24.547936
-70.0,5,24.55269
-70.0,5,24.557178
-70.0,5,24.561337
-70.0,5,24.567814
-70.0,5,24.572388
-70.0,5,24.576504
-70.0,5,24.581083
-70.0,5,24.587563
-70.0,5,24.592421
-70.0,5,24.599239
-70.0,5,24.604638
-70.0,5,24.611288
-70.0,5,24.615848
-70.0,5,24.620493
-70.0,5,24.624969
-70.0,5,24.631377
-70.0,5,24.635818
-70.0,5,24.640727
-70.0,5,24.645469
-70.0,5,24.654756
-70.0,5,24.659679
-70.0,5,24.664485
-70.0,5,24.669122
-70.0,5,24.67558
-70.0,5,24.680473
-70.0,5,24.684914
-70.0,5,24.689388
-70.0,5,24.696195
-70.0,5,24.701909
-70.0,5,24.707431
-70.0,5,24.712502
-70.0,5,24.719313
-70.0,5,24.72394
-70.0,5,24.728074
-70.0,5,24.732614
-70.0,5,24.740729
-70.0,5,24.745649
-70.0,5,24.750579
-70.0,5,24.754687
-70.0,5,24.763217
-70.0,5,24.768525
-70.0,5,24.773108
-70.0,5,24.777397
-95.0,5,24.783476
-70.0,5,24.787909
-70.0,5,24.792333
-70.0,5,24.796735
-95.0,5,24.803549
-70.0,5,24.80841
-70.0,5,24.814696
-70.0,5,24.819345
-70.0,5,24.825462
-70.0,5,24.829878
-70.0,5,24.834318
-70.0,5,24.838584
-70.0,5,24.844776
-70.0,5,24.849197
-70.0,5,24.853809
-70.0,5,24.858215
-70.0,5,24.86675
-70.0,5,24.872197
-70.0,5,24.876752
-70.0,5,24.880861
-70.0,5,24.887133
-70.0,5,24.891718
-70.0,5,24.896427
-95.0,5,24.900948
-70.0,5,24.907445
-70.0,5,24.912328
-70.0,5,24.920053
-70.0,5,24.925705
-70.0,5,24.936289
-70.0,5,24.941204
-70.0,5,24.945986
-95.0,5,24.950854
-70.0,5,24.959522
-70.0,5,24.964426
-95.0,5,24.969595
-70.0,5,24.974376
-70.0,5,24.984668
-70.0,5,24.99001
-70.0,5,24.994687
-70.0,5,24.998982
-70.0,5,25.005537
-70.0,5,25.010271
-70.0,5,25.015133
-70.0,5,25.020128
-70.0,5,25.027274
-120.0,5,25.031869
-95.0,5,25.038929
-70.0,5,25.044683
-95.0,5,25.052026
-70.0,5,25.056461
-70.0,5,25.061243
-70.0,5,25.065655
-95.0,5,25.071908
-70.0,5,25.075952
-70.0,5,25.080612
-70.0,5,25.085048
-95.0,5,25.0923
-70.0,5,25.097185
-95.0,5,25.101726
-70.0,5,25.106142
-70.0,5,25.113292
-70.0,5,25.118033
-95.0,5,25.122481
-95.0,5,25.126949
-70.0,5,25.133111
-95.0,5,25.138043
-95.0,5,25.14437
-70.0,5,25.148968
-70.0,5,25.155266
-95.0,5,25.159732
-95.0,5,25.164179
-95.0,5,25.168769
-70.0,5,25.175324
-95.0,5,25.179443
-95.0,5,25.184307
-120.0,5,25.188725
-70.0,5,25.19728
-70.0,5,25.201936
-95.0,5,25.206345
-70.0,5,25.210804
-70.0,5,25.217225
-70.0,5,25.221382
-95.0,5,25.226014
-70.0,5,25.230462
-70.0,5,25.237618
-70.0,5,25.242283
-95.0,5,25.24902
-70.0,5,25.254081
-70.0,5,25.260401
-70.0,5,25.264824
-70.0,5,25.269721
-70.0,5,25.274121
-70.0,5,25.281048
-95.0,5,25.287419
-70.0,5,25.292809
-70.0,5,25.297692
-70.0,5,25.306733
-95.0,5,25.311824
-95.0,5,25.317233
-95.0,5,25.322222
-70.0,5,25.329006
-95.0,5,25.333736
-70.0,5,25.337723
-95.0,5,25.342239
-70.0,5,25.348711
-70.0,5,25.353355
-95.0,5,25.359453
-70.0,5,25.364128
-70.0,5,25.370846
-95.0,5,25.375492
-95.0,5,25.379978
-70.0,5,25.384339
-70.0,5,25.390434
-95.0,5,25.394902
-70.0,5,25.399302
-95.0,5,25.403761
-70.0,5,25.411521
-95.0,5,25.41616
-95.0,5,25.420736
-70.0,5,25.42523
-95.0,5,25.431502
-70.0,5,25.435998
-70.0,5,25.440451
-70.0,5,25.444597
-70.0,5,25.451029
-95.0,5,25.455803
-70.0,5,25.462577
-70.0,5,25.468356
-70.0,5,25.475188
-70.0,5,25.479709
-70.0,5,25.484027
-70.0,5,25.48877
-95.0,5,25.495398
-70.0,5,25.500296
-70.0,5,25.506004
-70.0,5,25.510735
-70.0,5,25.520051
-70.0,5,25.526277
-70.0,5,25.531705
-70.0,5,25.540598
-70.0,5,25.548401
-70.0,5,25.555624
-70.0,5,25.563624
-70.0,5,25.570014
-70.0,5,25.578569
-70.0,5,25.5843
-70.0,5,25.591064
-70.0,5,25.596754
-70.0,5,25.604511
-70.0,5,25.609643
-70.0,5,25.614734
-70.0,5,25.620354
-70.0,5,25.627455
-70.0,5,25.632313
-70.0,5,25.637985
-70.0,5,25.642204
-70.0,5,25.649974
-70.0,5,25.654996
-70.0,5,25.659873
-70.0,5,25.664863
-70.0,5,25.67169
-70.0,5,25.676318
-95.0,5,25.680951
-70.0,5,25.685456
-70.0,5,25.693312
-95.0,5,25.699778
-95.0,5,25.708151
-70.0,5,25.713199
-70.0,5,25.719905
-70.0,5,25.72454
-70.0,5,25.728843
-70.0,5,25.733484
-70.0,5,25.740117
-70.0,5,25.74473
-70.0,5,25.749463
-70.0,5,25.75412
-70.0,5,25.762668
-70.0,5,25.767864
-70.0,5,25.772392
-70.0,5,25.777
-70.0,5,25.783607
-70.0,5,25.788636
-70.0,5,25.794088
-70.0,5,25.799332
-70.0,5,25.806241
-70.0,5,25.810974
-70.0,5,25.81729
-70.0,5,25.822031
-70.0,5,25.828287
-95.0,5,25.832613
-70.0,5,25.837211
-70.0,5,25.841675
-70.0,5,25.84823
-70.0,5,25.852802
-70.0,5,25.857593
-95.0,5,25.861835
-70.0,5,25.870773
-70.0,5,25.876114
-70.0,5,25.880837
-95.0,5,25.885328
-95.0,5,25.89199
-70.0,5,25.896668
-70.0,5,25.90178
-70.0,5,25.906623
-70.0,5,25.914079
-70.0,5,25.919389
-70.0,5,25.925431
-70.0,5,25.930402
-70.0,5,25.937391
-70.0,5,25.941923
-70.0,5,25.946446
-70.0,5,25.950695
-70.0,5,25.958663
-95.0,5,25.963217
-70.0,5,25.968219
-70.0,5,25.972565
-70.0,5,25.980655
-70.0,5,25.985355
-70.0,5,25.989518
-70.0,5,25.994018
-95.0,5,26.000547
-120.0,5,26.005244
-95.0,5,26.010433
-70.0,5,26.015079
-95.0,5,26.023763
-95.0,5,26.030242
-95.0,5,26.03634
-95.0,5,26.041359
-120.0,5,26.047991
-95.0,5,26.05563
-95.0,5,26.064453
-95.0,5,26.071008
-120.0,5,26.079778
-70.0,5,26.085445
-70.0,5,26.090698
-70.0,5,26.098723
-95.0,5,26.109794
-70.0,5,26.115382
-70.0,5,26.120888
-70.0,5,26.126625
-95.0,5,26.13361
-70.0,5,26.139732
-70.0,5,26.144685
-95.0,5,26.149446
-95.0,5,26.158415
-70.0,5,26.164699
-95.0,5,26.170779
-70.0,5,26.176368
-70.0,5,26.184807
-95.0,5,26.190693
-70.0,5,26.196099
-95.0,5,26.201267
-95.0,5,26.208291
-70.0,5,26.212926
-70.0,5,26.218242
-95.0,5,26.22305
-120.0,5,26.232187
-120.0,5,26.237187
-95.0,5,26.241909
-95.0,5,26.246526
-70.0,5,26.25248
-120.0,5,26.257281
-120.0,5,26.261803
-70.0,5,26.266317
-120.0,5,26.273077
-120.0,5,26.277562
-120.0,5,26.284228
-95.0,5,26.289261
-120.0,5,26.296037
-95.0,5,26.300241
-120.0,5,26.304779
-70.0,5,26.308993
-120.0,5,26.315447
-120.0,5,26.319665
-95.0,5,26.324407
-120.0,5,26.329054
-95.0,5,26.338429
-70.0,5,26.345098
-70.0,5,26.350093
-120.0,5,26.354879
-120.0,5,26.361073
-120.0,5,26.365274
-120.0,5,26.36985
-120.0,5,26.374375
-120.0,5,26.381305
-95.0,5,26.38635
-120.0,5,26.392369
-120.0,5,26.39705
-120.0,5,26.403609
-120.0,5,26.408148
-120.0,5,26.412662
-120.0,5,26.417253
-120.0,5,26.423608
-120.0,5,26.428279
-120.0,5,26.433579
-95.0,5,26.438189
-120.0,5,26.448806
-120.0,5,26.454212
-120.0,5,26.458847
-120.0,5,26.463427
-120.0,5,26.469974
-120.0,5,26.47464
-120.0,5,26.479232
-120.0,5,26.483846
-120.0,5,26.490514
-120.0,5,26.496262
-120.0,5,26.503379
-120.0,5,26.509143
-120.0,5,26.516377
-120.0,5,26.521282
-120.0,5,26.52569
-120.0,5,26.530219
-120.0,5,26.537052
-120.0,5,26.541742
-120.0,5,26.54651
-120.0,5,26.551132
-120.0,5,26.559656
-120.0,5,26.56438
-120.0,5,26.569315
-120.0,5,26.573925
-120.0,5,26.580373
-120.0,5,26.584652
-120.0,5,26.589175
-120.0,5,26.594026
-120.0,5,26.600458
-120.0,5,26.605144
-120.0,5,26.611349
-120.0,5,26.615705
-120.0,5,26.622785
-120.0,5,26.627563
-120.0,5,26.632208
-120.0,5,26.636803
-120.0,5,26.643016
-120.0,5,26.647763
-120.0,5,26.652786
-120.0,5,26.657413
-120.0,5,26.666233
-120.0,5,26.671042
-120.0,5,26.675579
-120.0,5,26.680116
-120.0,5,26.688223
-120.0,5,26.69301
-120.0,5,26.69786
-120.0,5,26.702549
-95.0,5,26.709739
-120.0,5,26.71516
-120.0,5,26.72152
-120.0,5,26.726227
-120.0,5,26.733387
-120.0,5,26.738016
-120.0,5,26.742581
-120.0,5,26.746914
-120.0,5,26.753443
-120.0,5,26.758123
-120.0,5,26.763919
-120.0,5,26.769029
-120.0,5,26.777827
-120.0,5,26.782731
-120.0,5,26.78744
-120.0,5,26.79175
-120.0,5,26.798573
-120.0,5,26.803464
-120.0,5,26.808104
-120.0,5,26.813601
-120.0,5,26.821474
-120.0,5,26.826408
-120.0,5,26.832693
-120.0,5,26.838175
-120.0,5,26.848237
-120.0,5,26.854693
-120.0,5,26.86041
-120.0,5,26.865049
-120.0,5,26.872253
-120.0,5,26.876705
-120.0,5,26.881562
-120.0,5,26.885952
-120.0,5,26.894629
-120.0,5,26.899245
-120.0,5,26.904274
-120.0,5,26.909238
-120.0,5,26.916975
-120.0,5,26.921732
-120.0,5,26.926423
-120.0,5,26.930639
-120.0,5,26.937476
-120.0,5,26.94221
-120.0,5,26.949327
-120.0,5,26.954804
-120.0,5,26.961714
-120.0,5,26.966394
-120.0,5,26.971107
-120.0,5,26.976853
-120.0,5,26.98512
-120.0,5,26.990069
-120.0,5,26.994995
-120.0,5,26.999666
-120.0,5,27.00772
-120.0,5,27.013108
-120.0,5,27.017677
-120.0,5,27.022522
-120.0,5,27.029413
-120.0,5,27.034197
-120.0,5,27.038571
-120.0,5,27.043103
-120.0,5,27.049716
-120.0,5,27.054318
-120.0,5,27.060538
-120.0,5,27.065163
-120.0,5,27.07188
-95.0,5,27.076096
-120.0,5,27.080775
-120.0,5,27.08549
-120.0,5,27.092196
-120.0,5,27.096719
-120.0,5,27.102416
-120.0,5,27.107193
-120.0,5,27.115927
-120.0,5,27.120979
-120.0,5,27.125519
-120.0,5,27.130436
-120.0,5,27.137418
-120.0,5,27.14209
-120.0,5,27.14763
-120.0,5,27.152466
-120.0,5,27.159238
-120.0,5,27.163627
-120.0,5,27.170468
-120.0,5,27.175157
-120.0,5,27.181738
-120.0,5,27.186394
-120.0,5,27.190957
-120.0,5,27.19518
-120.0,5,27.203056
-120.0,5,27.207781
-120.0,5,27.212576
-120.0,5,27.217115
-120.0,5,27.225687
-120.0,5,27.230839
-120.0,5,27.235806
-120.0,5,27.240935
-95.0,5,27.247485
-120.0,5,27.252213
-120.0,5,27.256883
-95.0,5,27.261125
-120.0,5,27.268149
-95.0,5,27.272634
-120.0,5,27.279657
-120.0,5,27.285225
-120.0,5,27.291673
-120.0,5,27.296204
-120.0,5,27.301986
-120.0,5,27.307294
-120.0,5,27.314185
-120.0,5,27.318737
-120.0,5,27.323631
-120.0,5,27.327843
-120.0,5,27.337056
-120.0,5,27.342478
-120.0,5,27.349193
-120.0,5,27.356011
-120.0,5,27.363469
-120.0,5,27.368653
-95.0,5,27.373025
-120.0,5,27.377716
-120.0,5,27.384563
-120.0,5,27.389226
-120.0,5,27.395659
-120.0,5,27.400036
-120.0,5,27.407536
-120.0,5,27.412182
-120.0,5,27.417076
-95.0,5,27.421505
-120.0,5,27.427913
-120.0,5,27.432394
-120.0,5,27.437465
-95.0,5,27.44201
-120.0,5,27.450775
-120.0,5,27.455544
-95.0,5,27.460005
-120.0,5,27.464229
-95.0,5,27.470982
-95.0,5,27.475486
-95.0,5,27.480005
-95.0,5,27.484573
-120.0,5,27.491185
-120.0,5,27.495554
-70.0,5,27.502039
-70.0,5,27.507095
-95.0,5,27.513932
-95.0,5,27.518561
-120.0,5,27.523077
-95.0,5,27.527536
-120.0,5,27.533902
-70.0,5,27.538549
-120.0,5,27.543391
-95.0,5,27.548249
-120.0,5,27.555613
-120.0,5,27.56159
-120.0,5,27.566085
-120.0,5,27.570775
-120.0,5,27.577178
-120.0,5,27.58165
-120.0,5,27.586211
-120.0,5,27.590708
-120.0,5,27.597488
-120.0,5,27.602207
-120.0,5,27.608085
-120.0,5,27.613032
-95.0,5,27.61919
-95.0,5,27.623748
-120.0,5,27.628214
-120.0,5,27.632441
-120.0,5,27.639174
-95.0,5,27.643699
-120.0,5,27.648827
-70.0,5,27.653287
-70.0,5,27.662082
-95.0,5,27.666788
-70.0,5,27.671421
-95.0,5,27.675663
-70.0,5,27.682081
-95.0,5,27.686552
-70.0,5,27.691057
-70.0,5,27.6952
-70.0,5,27.701578
-70.0,5,27.70874
-70.0,5,27.716452
-70.0,5,27.722363
-95.0,5,27.729104
-70.0,5,27.733987
-70.0,5,27.739579
-70.0,5,27.744611
-70.0,5,27.751602
-70.0,5,27.756185
-70.0,5,27.761008
-70.0,5,27.76546
-70.0,5,27.772928
-70.0,5,27.778104
-70.0,5,27.782611
-70.0,5,27.787216
-70.0,5,27.793594
-70.0,5,27.797997
-70.0,5,27.802446
-95.0,5,27.80684
-70.0,5,27.813694
-70.0,5,27.818667
-95.0,5,27.824409
-70.0,5,27.829563
-70.0,5,27.836087
-70.0,5,27.840282
-70.0,5,27.844674
-70.0,5,27.849072
-70.0,5,27.855545
-70.0,5,27.860059
-70.0,5,27.86499
-95.0,5,27.869639
-120.0,5,27.877672
-70.0,5,27.882284
-95.0,5,27.886998
-70.0,5,27.891474
-95.0,5,27.898186
-70.0,5,27.902806
-95.0,5,27.907496
-95.0,5,27.912048
-95.0,5,27.918597
-70.0,5,27.922487
-70.0,5,27.928785
-70.0,5,27.933748
-70.0,5,27.940183
-95.0,5,27.944811
-70.0,5,27.953202
-70.0,5,27.959912
-95.0,5,27.970681
-95.0,5,27.975847
-70.0,5,27.980701
-70.0,5,27.985322
-70.0,5,27.993973
-70.0,5,27.998736
-70.0,5,28.003525
-70.0,5,28.008265
-70.0,5,28.015286
-70.0,5,28.020196
-70.0,5,28.024803
-95.0,5,28.029623
-70.0,5,28.038594
-70.0,5,28.04538
-70.0,5,28.050615
-95.0,5,28.054946
-70.0,5,28.062406
-70.0,5,28.067492
-70.0,5,28.072559
-70.0,5,28.07718
-70.0,5,28.083637
-70.0,5,28.087793
-70.0,5,28.092491
-70.0,5,28.096008
-70.0,5,28.104314
-70.0,5,28.10931
-70.0,5,28.113722
-70.0,5,28.118394
-70.0,5,28.125027
-70.0,5,28.129608
-95.0,5,28.134025
-70.0,5,28.138448
-70.0,5,28.145266
-70.0,5,28.150319
-70.0,5,28.155556
-70.0,5,28.161539
-70.0,5,28.168046
-70.0,5,28.172164
-70.0,5,28.176559
-70.0,5,28.181032
-70.0,5,28.187668
-70.0,5,28.192351
-70.0,5,28.197356
-70.0,5,28.201876
-70.0,5,28.209974
-70.0,5,28.214166
-70.0,5,28.218892
-70.0,5,28.223438
-70.0,5,28.229435
-70.0,5,28.23385
-70.0,5,28.238421
-70.0,5,28.243052
-70.0,5,28.249599
-70.0,5,28.254206
-70.0,5,28.26076
-70.0,5,28.265619
-70.0,5,28.272592
-70.0,5,28.276922
-70.0,5,28.281513
-70.0,5,28.286008
-70.0,5,28.292155
-70.0,5,28.296619
-70.0,5,28.301257
-70.0,5,28.305739
-70.0,5,28.31469
-95.0,5,28.319668
-70.0,5,28.324481
-70.0,5,28.329008
-70.0,5,28.335886
-70.0,5,28.340647
-70.0,5,28.344898
-70.0,5,28.349734
-70.0,5,28.358448
-95.0,5,28.366237
-70.0,5,28.374596
-70.0,5,28.379878
-70.0,5,28.387383
-70.0,5,28.392198
-70.0,5,28.396834
-70.0,5,28.401655
-70.0,5,28.408369
-70.0,5,28.412873
-95.0,5,28.417545
-70.0,5,28.421755
-70.0,5,28.430133
-70.0,5,28.435176
-70.0,5,28.440058
-70.0,5,28.44454
-70.0,5,28.451093
-70.0,5,28.455572
-70.0,5,28.46157
-120.0,5,28.465948
-70.0,5,28.473288
-70.0,5,28.47893
-95.0,5,28.48474
-70.0,5,28.489379
-70.0,5,28.495791
-70.0,5,28.500578
-70.0,5,28.505029
-70.0,5,28.509544
-70.0,5,28.515592
-70.0,5,28.519728
-70.0,5,28.524631
-95.0,5,28.528823
-70.0,5,28.538043
-70.0,5,28.542886
-70.0,5,28.54734
-70.0,5,28.552046
-70.0,5,28.558484
-70.0,5,28.562897
-70.0,5,28.567351
-70.0,5,28.571997
-70.0,5,28.578562
-70.0,5,28.583268
-70.0,5,28.588659
-70.0,5,28.594492
-95.0,5,28.601177
-70.0,5,28.605647
-70.0,5,28.610221
-70.0,5,28.615453
-70.0,5,28.622634
-70.0,5,28.627197
-70.0,5,28.632047
-70.0,5,28.636927
-95.0,5,28.645067
-70.0,5,28.649984
-70.0,5,28.65463
-70.0,5,28.659113
-70.0,5,28.665918
-70.0,5,28.671007
-70.0,5,28.675696
-70.0,5,28.680232
-70.0,5,28.686796
-95.0,5,28.691385
-70.0,5,28.698124
-70.0,5,28.702974
-95.0,5,28.709055
-95.0,5,28.713751
-70.0,5,28.71781
-70.0,5,28.722161
-95.0,5,28.729688
-70.0,5,28.73467
-95.0,5,28.739573
-95.0,5,28.743768
-95.0,5,28.754062
-95.0,5,28.760513
-70.0,5,28.765716
-95.0,5,28.772394
-95.0,5,28.779303
-95.0,5,28.784089
-120.0,5,28.788895
-95.0,5,28.793394
-120.0,5,28.799843
-120.0,5,28.804116
-120.0,5,28.81086
-120.0,5,28.81519
-120.0,5,28.821984
-120.0,5,28.826602
-120.0,5,28.830803
-120.0,5,28.835389
-120.0,5,28.841841
-95.0,5,28.845646
-120.0,5,28.850634
-120.0,5,28.855202
-120.0,5,28.866098
-120.0,5,28.871683
-120.0,5,28.876589
-95.0,5,28.880752
-120.0,5,28.887186
-120.0,5,28.891279
-120.0,5,28.895704
-120.0,5,28.899865
-120.0,5,28.90659
-120.0,5,28.911491
-120.0,5,28.919152
-120.0,5,28.924635
-120.0,5,28.931355
-120.0,5,28.936126
-120.0,5,28.940313
-120.0,5,28.945323
-120.0,5,28.951397
-120.0,5,28.955784
-120.0,5,28.960686
-120.0,5,28.965237
-120.0,5,28.973527
-120.0,5,28.978968
-120.0,5,28.983618
-120.0,5,28.988086
-120.0,5,28.994427
-120.0,5,28.998827
-120.0,5,29.00345
-120.0,5,29.00813
-120.0,5,29.014445
-120.0,5,29.018586
-70.0,5,29.024732
-120.0,5,29.029874
-95.0,5,29.036137
-95.0,5,29.040622
-120.0,5,29.045406
-120.0,5,29.049876
-120.0,5,29.056396
-120.0,5,29.061111
-120.0,5,29.06602
-95.0,5,29.070508
-95.0,5,29.079015
-95.0,5,29.084444
-95.0,5,29.088986
-95.0,5,29.094529
-95.0,5,29.102318
-95.0,5,29.106588
-95.0,5,29.110836
-120.0,5,29.115283
-70.0,5,29.122161
-95.0,5,29.127205
-95.0,5,29.134851
-70.0,5,29.13991
-70.0,5,29.145985
-70.0,5,29.150452
-70.0,5,29.154992
-95.0,5,29.159501
-120.0,5,29.166126
-95.0,5,29.170735
-95.0,5,29.175725
-95.0,5,29.180328
-95.0,5,29.189591
-70.0,5,29.194835
-70.0,5,29.19958
-120.0,5,29.204744
-70.0,5,29.212644
-70.0,5,29.21862
-120.0,5,29.224143
-70.0,5,29.228893
-70.0,5,29.236432
-70.0,5,29.242903
-70.0,5,29.247729
-70.0,5,29.25308
-95.0,5,29.262137
-95.0,5,29.267477
-70.0,5,29.273415
-70.0,5,29.278398
-70.0,5,29.285677
-70.0,5,29.290283
-70.0,5,29.295147
-70.0,5,29.29964
-70.0,5,29.308111
-70.0,5,29.312967
-70.0,5,29.317651
-70.0,5,29.322068
-70.0,5,29.328494
-70.0,5,29.332953
-70.0,5,29.337231
-70.0,5,29.341484
-70.0,5,29.348279
-70.0,5,29.353389
-70.0,5,29.359973
-70.0,5,29.364615
-70.0,5,29.371254
-70.0,5,29.375744
-70.0,5,29.379913
-70.0,5,29.384144
-70.0,5,29.390885
-70.0,5,29.395497
-70.0,5,29.400295
-95.0,5,29.404784
-70.0,5,29.413391
-70.0,5,29.41972
-70.0,5,29.425056
-70.0,5,29.430052
-70.0,5,29.440358
-70.0,5,29.447787
-70.0,5,29.45391
-95.0,5,29.46004
-70.0,5,29.46833
-70.0,5,29.474726
-95.0,5,29.480327
-70.0,5,29.485542
-70.0,5,29.492984
-70.0,5,29.498519
-95.0,5,29.503778
-70.0,5,29.509137
-70.0,5,29.5171
-70.0,5,29.523767
-70.0,5,29.53195
-95.0,5,29.539455
-70.0,5,29.547932
-70.0,5,29.553761
-70.0,5,29.559046
-70.0,5,29.564052
-70.0,5,29.571151
-70.0,5,29.575958
-70.0,5,29.580675
-70.0,5,29.585377
-95.0,5,29.592575
-70.0,5,29.597529
-70.0,5,29.604968
-70.0,5,29.610333
-70.0,5,29.617005
-70.0,5,29.620885
-70.0,5,29.625036
-70.0,5,29.629539
-95.0,5,29.636086
-70.0,5,29.64054
-70.0,5,29.645251
-95.0,5,29.649702
-70.0,5,29.658499
-70.0,5,29.665783
-70.0,5,29.671556
-70.0,5,29.676723
-70.0,5,29.684745
-70.0,5,29.691648
-70.0,5,29.698467
-95.0,5,29.70439
-70.0,5,29.712075
-70.0,5,29.717462
-70.0,5,29.72347
-70.0,5,29.72916
-95.0,5,29.736314
-70.0,5,29.741169
-70.0,5,29.745855
-70.0,5,29.75043
-70.0,5,29.756574
-70.0,5,29.761116
-70.0,5,29.765813
-70.0,5,29.770484
-95.0,5,29.780621
-70.0,5,29.786695
-70.0,5,29.791646
-70.0,5,29.796453
-70.0,5,29.803199
-70.0,5,29.807994
-95.0,5,29.812579
-70.0,5,29.817038
-95.0,5,29.823395
-70.0,5,29.828786
-95.0,5,29.836488
-70.0,5,29.84156
-70.0,5,29.850832
-70.0,5,29.85907
-70.0,5,29.866621
-70.0,5,29.875035
-70.0,5,29.884267
-70.0,5,29.890887
-70.0,5,29.896681
-95.0,5,29.903344
-95.0,5,29.914458
-95.0,5,29.92032
-95.0,5,29.926956
-70.0,5,29.932073
-70.0,5,29.940865
-70.0,5,29.945926
-70.0,5,29.951978
-95.0,5,29.957434
-70.0,5,29.964932
-70.0,5,29.971
-70.0,5,29.979804
-70.0,5,29.986526
-70.0,5,29.996026
-95.0,5,30.003734
-70.0,5,30.012207
-70.0,5,30.017848
-70.0,5,30.027981
-70.0,5,30.035748
-70.0,5,30.042753
-70.0,5,30.048391
-70.0,5,30.056308
-70.0,5,30.063134
-95.0,5,30.06876
-70.0,5,30.074525
-70.0,5,30.082353
-70.0,5,30.091225
-70.0,5,30.097421
-95.0,5,30.103339
-95.0,5,30.112405
-70.0,5,30.118762
-70.0,5,30.12472
-95.0,5,30.1306
-70.0,5,30.138256
-95.0,5,30.143153
-70.0,5,30.147511
-70.0,5,30.152412
-70.0,5,30.160173
-70.0,5,30.165489
-95.0,5,30.171121
-95.0,5,30.175519
-70.0,5,30.185207
-70.0,5,30.192542
-70.0,5,30.200414
-120.0,5,30.206675
-95.0,5,30.214532
-95.0,5,30.219929
-95.0,5,30.224177
-120.0,5,30.228895
-95.0,5,30.235803
-70.0,5,30.240084
-120.0,5,30.246558
-70.0,5,30.254246
-95.0,5,30.26517
-70.0,5,30.271513
-120.0,5,30.277621
-95.0,5,30.282813
-120.0,5,30.290557
-120.0,5,30.295238
-95.0,5,30.30022
-95.0,5,30.304715
-120.0,5,30.314059
-120.0,5,30.319233
-95.0,5,30.323851
-120.0,5,30.328445
-95.0,5,30.336715
-120.0,5,30.345065
-95.0,5,30.350854
-120.0,5,30.3566
-70.0,5,30.365049
-95.0,5,30.37263
-120.0,5,30.377688
-95.0,5,30.382795
-95.0,5,30.39149
-70.0,5,30.396318
-95.0,5,30.401444
-95.0,5,30.406158
-70.0,5,30.412655
-70.0,5,30.417453
-120.0,5,30.422284
-120.0,5,30.426788
-95.0,5,30.436195
-70.0,5,30.440912
-70.0,5,30.445717
-95.0,5,30.450631
-70.0,5,30.456907
-70.0,5,30.461297
-95.0,5,30.465428
-95.0,5,30.470039
-95.0,5,30.476301
-95.0,5,30.480843
-95.0,5,30.489011
-95.0,5,30.494696
-95.0,5,30.502152
-120.0,5,30.506975
-95.0,5,30.513897
-70.0,5,30.519892
-95.0,5,30.531657
-95.0,5,30.538014
-120.0,5,30.544455
-95.0,5,30.550663
-95.0,5,30.562385
-70.0,5,30.568372
-70.0,5,30.574122
-70.0,5,30.579428
-95.0,5,30.586567
-70.0,5,30.591348
-95.0,5,30.597015
-120.0,5,30.602811
-120.0,5,30.609607
-120.0,5,30.614063
-120.0,5,30.620489
-120.0,5,30.625583
-120.0,5,30.633292
-120.0,5,30.638556
-95.0,5,30.643346
-120.0,5,30.649803
-120.0,5,30.657371
-120.0,5,30.661771
-120.0,5,30.66797
-120.0,5,30.677169
-120.0,5,30.687711
-120.0,5,30.694152
-120.0,5,30.699735
-120.0,5,30.705359
-95.0,5,30.712996
-120.0,5,30.718138
-120.0,5,30.722915
-120.0,5,30.727635
-120.0,5,30.737133
-120.0,5,30.743631
-120.0,5,30.74929
-95.0,5,30.753526
-120.0,5,30.760441
-95.0,5,30.764854
-120.0,5,30.76981
-120.0,5,30.774518
-120.0,5,30.781324
-120.0,5,30.786003
-120.0,5,30.790673
-120.0,5,30.79508
-120.0,5,30.804028
-95.0,5,30.809093
-120.0,5,30.814606
-120.0,5,30.819468
-120.0,5,30.825812
-120.0,5,30.830288
-120.0,5,30.834764
-120.0,5,30.839592
-120.0,5,30.846314
-95.0,5,30.850493
-120.0,5,30.856247
-120.0,5,30.861644
-120.0,5,30.868284
-120.0,5,30.872862
-120.0,5,30.877355
-120.0,5,30.88183
-120.0,5,30.889648
-120.0,5,30.894603
-120.0,5,30.899395
-120.0,5,30.903935
-120.0,5,30.912492
-120.0,5,30.917408
-120.0,5,30.922288
-120.0,5,30.926435
-95.0,5,30.933964
-95.0,5,30.939197
-120.0,5,30.944235
-120.0,5,30.948869
-95.0,5,30.955508
-95.0,5,30.960422
-120.0,5,30.968161
-120.0,5,30.975187
-95.0,5,30.98281
-120.0,5,30.988499
-120.0,5,30.994313
-120.0,5,30.99894
-120.0,5,31.006239
-120.0,5,31.010961
-120.0,5,31.016085
-120.0,5,31.020969
-120.0,5,31.031545
-120.0,5,31.037781
-120.0,5,31.043119
-120.0,5,31.048141
-120.0,5,31.055029
-120.0,5,31.059788
-120.0,5,31.064554
-120.0,5,31.069463
-120.0,5,31.076028
-120.0,5,31.080615
-120.0,5,31.087013
-120.0,5,31.091717
-120.0,5,31.098113
-120.0,5,31.102805
-120.0,5,31.107041
-120.0,5,31.111493
-95.0,5,31.117623
-120.0,5,31.122106
-120.0,5,31.126955
-120.0,5,31.131574
-120.0,5,31.138186
-95.0,5,31.145255
-120.0,5,31.150925
-120.0,5,31.156303
-70.0,5,31.163174
-95.0,5,31.168162
-95.0,5,31.172981
-95.0,5,31.177685
-95.0,5,31.184392
-95.0,5,31.188648
-95.0,5,31.195156
-95.0,5,31.199877
-120.0,5,31.206115
-95.0,5,31.210568
-95.0,5,31.215015
-95.0,5,31.219499
-70.0,5,31.226291
-95.0,5,31.23108
-95.0,5,31.236089
-120.0,5,31.240381
-95.0,5,31.248766
-70.0,5,31.254061
-95.0,5,31.25857
-120.0,5,31.263075
-70.0,5,31.269601
-95.0,5,31.274789
-95.0,5,31.27938
-70.0,5,31.283634
-120.0,5,31.291491
-70.0,5,31.296872
-70.0,5,31.302679
-70.0,5,31.30753
-95.0,5,31.314449
-70.0,5,31.318981
-70.0,5,31.323585
-70.0,5,31.328084
-70.0,5,31.334446
-95.0,5,31.339131
-70.0,5,31.344511
-70.0,5,31.349004
-70.0,5,31.357764
-70.0,5,31.363081
-70.0,5,31.369739
-70.0,5,31.377303
-70.0,5,31.385302
-70.0,5,31.3914
-70.0,5,31.39681
-70.0,5,31.402319
-70.0,5,31.409744
-70.0,5,31.413903
-70.0,5,31.420674
-95.0,5,31.425335
-70.0,5,31.431566
-70.0,5,31.436145
-70.0,5,31.440949
-70.0,5,31.445386
-70.0,5,31.45146
-70.0,5,31.455905
-70.0,5,31.460512
-70.0,5,31.464987
-70.0,5,31.473412
-70.0,5,31.478568
-70.0,5,31.482785
-70.0,5,31.487401
-95.0,5,31.494017
-70.0,5,31.498637
-70.0,5,31.503475
-70.0,5,31.507675
-70.0,5,31.514107
-70.0,5,31.518583
-70.0,5,31.524932
-70.0,5,31.530245
-70.0,5,31.536847
-70.0,5,31.541397
-70.0,5,31.545968
-95.0,5,31.550065
-70.0,5,31.556581
-70.0,5,31.56119
-70.0,5,31.565895
-70.0,5,31.570405
-70.0,5,31.579339
-70.0,5,31.584413
-70.0,5,31.589095
-70.0,5,31.593919
-70.0,5,31.601059
-95.0,5,31.605212
-70.0,5,31.610132
-70.0,5,31.61553
-70.0,5,31.623932
-70.0,5,31.630126
-70.0,5,31.636617
-70.0,5,31.642389
-70.0,5,31.649302
-70.0,5,31.654008
-70.0,5,31.658643
-70.0,5,31.663214
-70.0,5,31.66973
-70.0,5,31.674127
-70.0,5,31.678894
-70.0,5,31.683397
-70.0,5,31.691728
-70.0,5,31.696812
-70.0,5,31.701421
-70.0,5,31.706654
-70.0,5,31.71419
-70.0,5,31.719021
-70.0,5,31.723732
-70.0,5,31.728286
-70.0,5,31.735022
-70.0,5,31.740359
-70.0,5,31.746669
-70.0,5,31.751685
-70.0,5,31.758535
-70.0,5,31.763389
-70.0,5,31.767985
-70.0,5,31.772423
-70.0,5,31.778658
-70.0,5,31.783201
-70.0,5,31.787785
-70.0,5,31.792162
-95.0,5,31.800112
-70.0,5,31.804951
-70.0,5,31.809117
-70.0,5,31.813546
-70.0,5,31.820004
-70.0,5,31.824619
-70.0,5,31.829075
-70.0,5,31.833897
-70.0,5,31.840663
-70.0,5,31.845267
-70.0,5,31.851133
-70.0,5,31.855708
-70.0,5,31.862314
-70.0,5,31.866585
-70.0,5,31.870879
-70.0,5,31.875014
-70.0,5,31.881287
-70.0,5,31.885411
-70.0,5,31.890294
-70.0,5,31.894783
-70.0,5,31.903219
-70.0,5,31.907723
-70.0,5,31.912248
-70.0,5,31.916684
-70.0,5,31.922775
-70.0,5,31.927298
-70.0,5,31.931803
-70.0,5,31.935887
-70.0,5,31.942598
-70.0,5,31.94846
-70.0,5,31.955919
-70.0,5,31.961154
-70.0,5,31.968512
-70.0,5,31.973169
-70.0,5,31.977627
-70.0,5,31.981803
-70.0,5,31.988308
-70.0,5,31.9928
-70.0,5,31.997536
-70.0,5,32.002465
-70.0,5,32.011146
-70.0,5,32.015739
-70.0,5,32.020378
-70.0,5,32.024788
-70.0,5,32.031357
-70.0,5,32.035782
-95.0,5,32.040048
-70.0,5,32.044741
-70.0,5,32.052876
-70.0,5,32.059617
-70.0,5,32.066275
-70.0,5,32.072238
-70.0,5,32.08207
-70.0,5,32.087704
-70.0,5,32.093478
-70.0,5,32.098029
-70.0,5,32.105225
-70.0,5,32.109875
-70.0,5,32.11473
-70.0,5,32.119353
-70.0,5,32.128186
-70.0,5,32.133208
-70.0,5,32.137516
-70.0,5,32.142217
-70.0,5,32.149363
-70.0,5,32.153898
-70.0,5,32.158353
-70.0,5,32.162742
-70.0,5,32.169403
-70.0,5,32.174333
-70.0,5,32.180451
-70.0,5,32.185145
-70.0,5,32.191545
-70.0,5,32.19582
-70.0,5,32.200282
-70.0,5,32.204755
-70.0,5,32.211159
-70.0,5,32.215244
-70.0,5,32.219971
-70.0,5,32.224418
-70.0,5,32.232779
-70.0,5,32.237977
-70.0,5,32.242441
-70.0,5,32.247277
-70.0,5,32.25485
-70.0,5,32.260025
-70.0,5,32.2647
-70.0,5,32.269623
-70.0,5,32.276407
-70.0,5,32.281008
-70.0,5,32.28741
-70.0,5,32.291965
-70.0,5,32.298157
-95.0,5,32.302469
-70.0,5,32.307002
-70.0,5,32.311466
-70.0,5,32.317858
-70.0,5,32.322321
-70.0,5,32.327109
-70.0,5,32.331314
-70.0,5,32.338608
-70.0,5,32.344597
-70.0,5,32.349213
-70.0,5,32.355168
-70.0,5,32.364609
-70.0,5,32.372326
-70.0,5,32.378141
-70.0,5,32.38357
-70.0,5,32.39249
-70.0,5,32.398033
-70.0,5,32.403307
-70.0,5,32.409413
-70.0,5,32.41622
-70.0,5,32.420981
-70.0,5,32.425592
-70.0,5,32.430145
-70.0,5,32.436496
-70.0,5,32.4427
-70.0,5,32.448042
-70.0,5,32.454083
-70.0,5,32.463274
-70.0,5,32.468094
-70.0,5,32.472457
-70.0,5,32.477056
-95.0,5,32.483173
-70.0,5,32.487637
-70.0,5,32.492116
-70.0,5,32.496873
-70.0,5,32.503112
-70.0,5,32.507942
-70.0,5,32.514534
-70.0,5,32.519448
-70.0,5,32.527113
-70.0,5,32.532905
-70.0,5,32.538008
-70.0,5,32.543036
-70.0,5,32.552386
-95.0,5,32.559962
-70.0,5,32.566434
-70.0,5,32.573134
-70.0,5,32.581025
-70.0,5,32.586572
-70.0,5,32.593001
-70.0,5,32.598186
-70.0,5,32.604617
-70.0,5,32.609258
-70.0,5,32.613762
-70.0,5,32.618265
-70.0,5,32.625072
-70.0,5,32.629516
-70.0,5,32.636161
-95.0,5,32.640391
-70.0,5,32.646775
-70.0,5,32.651095
-70.0,5,32.656146
-70.0,5,32.66185
-70.0,5,32.669061
-70.0,5,32.674137
-70.0,5,32.681877
-70.0,5,32.689341
-70.0,5,32.697786
-70.0,5,32.703187
-70.0,5,32.708093
-70.0,5,32.713034
-70.0,5,32.721157
-70.0,5,32.726013
-70.0,5,32.730572
-70.0,5,32.735104
-70.0,5,32.742045
-70.0,5,32.747015
-70.0,5,32.753769
-70.0,5,32.758673
-70.0,5,32.767437
-70.0,5,32.773314
-70.0,5,32.7783
-70.0,5,32.785017
-70.0,5,32.796716
-95.0,5,32.802745
-70.0,5,32.808783
-70.0,5,32.814265
-70.0,5,32.822761
-95.0,5,32.828162
-95.0,5,32.832636
-70.0,5,32.83764
-70.0,5,32.844438
-70.0,5,32.849339
-70.0,5,32.856982
-70.0,5,32.8647
-70.0,5,32.873485
-70.0,5,32.884321
-70.0,5,32.893008
-70.0,5,32.899775
-70.0,5,32.909259
-70.0,5,32.915621
-70.0,5,32.923078
-70.0,5,32.929005
-70.0,5,32.937575
-70.0,5,32.94431
-70.0,5,32.950197
-70.0,5,32.959586
-70.0,5,32.96886
-70.0,5,32.975437
-70.0,5,32.98024
-70.0,5,32.985934
-70.0,5,32.996086
-70.0,5,33.003801
-70.0,5,33.009982
-70.0,5,33.0153
-70.0,5,33.023111
-70.0,5,33.029006
-70.0,5,33.035245
-70.0,5,33.040159
-70.0,5,33.046787
-70.0,5,33.051418
-70.0,5,33.056879
-70.0,5,33.061569
-70.0,5,33.068278
-70.0,5,33.073199
-70.0,5,33.078178
-70.0,5,33.085249
-70.0,5,33.094581
-70.0,5,33.101837
-70.0,5,33.109387
-70.0,5,33.115016
-70.0,5,33.124789
-70.0,5,33.129907
-70.0,5,33.136135
-70.0,5,33.141379
-70.0,5,33.149299
-70.0,5,33.158483
-70.0,5,33.167238
-70.0,5,33.173572
-70.0,5,33.181081
-70.0,5,33.186559
-70.0,5,33.191619
-70.0,5,33.196486
-70.0,5,33.204207
-70.0,5,33.210414
-70.0,5,33.216614
-95.0,5,33.222189
-70.0,5,33.232662
-70.0,5,33.240067
-70.0,5,33.246164
-70.0,5,33.251613
-70.0,5,33.25968
-70.0,5,33.264735
-95.0,5,33.269795
-70.0,5,33.274966
-70.0,5,33.282207
-70.0,5,33.287543
-70.0,5,33.293574
-70.0,5,33.298212
-70.0,5,33.306146
-70.0,5,33.311994
-70.0,5,33.317642
-70.0,5,33.32346
-70.0,5,33.332014
-70.0,5,33.340375
-95.0,5,33.346765
-70.0,5,33.354706
-70.0,5,33.366405
-70.0,5,33.372578
-70.0,5,33.378361
-70.0,5,33.384095
-70.0,5,33.392026
-70.0,5,33.396674
-70.0,5,33.401264
-70.0,5,33.405912
-70.0,5,33.412661
-70.0,5,33.417742
-70.0,5,33.424088
-70.0,5,33.430094
-70.0,5,33.438325
-70.0,5,33.443003
-70.0,5,33.447594
-70.0,5,33.452337
-70.0,5,33.45902
-70.0,5,33.464017
-70.0,5,33.46992
-70.0,5,33.47546
-70.0,5,33.486718
-70.0,5,33.492734
-70.0,5,33.497734
-70.0,5,33.503676
-70.0,5,33.511323
-95.0,5,33.515655
-70.0,5,33.520718
-70.0,5,33.525541
-95.0,5,33.532025
-70.0,5,33.537515
-70.0,5,33.544497
-70.0,5,33.549504
-70.0,5,33.557204
-70.0,5,33.564599
-95.0,5,33.573296
-70.0,5,33.579131
-70.0,5,33.586784
-70.0,5,33.59249
-70.0,5,33.598073
-70.0,5,33.60529
-70.0,5,33.618963
-70.0,5,33.624502
-70.0,5,33.630064
-70.0,5,33.635382
-70.0,5,33.64304
-70.0,5,33.648021
-70.0,5,33.65295
-70.0,5,33.65766
-70.0,5,33.664558
-70.0,5,33.670202
-70.0,5,33.676458
-95.0,5,33.680947
-70.0,5,33.688336
-70.0,5,33.69275
-70.0,5,33.697267
-70.0,5,33.701998
-70.0,5,33.708088
-70.0,5,33.712565
-70.0,5,33.717746
-70.0,5,33.723385
-70.0,5,33.732601
-70.0,5,33.738982
-70.0,5,33.746782
-70.0,5,33.755728
-70.0,5,33.763888
-70.0,5,33.769961
-70.0,5,33.77481
-70.0,5,33.779915
-70.0,5,33.787787
-70.0,5,33.794453
-70.0,5,33.800779
-70.0,5,33.806052
-95.0,5,33.813188
-70.0,5,33.818311
-70.0,5,33.823105
-70.0,5,33.827385
-70.0,5,33.833824
-70.0,5,33.838316
-70.0,5,33.842809
-70.0,5,33.847602
-70.0,5,33.855195
-95.0,5,33.861006
-70.0,5,33.865336
-70.0,5,33.870504
-70.0,5,33.877777
-95.0,5,33.882159
-70.0,5,33.886605
-70.0,5,33.891406
-95.0,5,33.898353
-120.0,5,33.903469
-70.0,5,33.908755
-70.0,5,33.914252
-70.0,5,33.921335
-70.0,5,33.92579
-70.0,5,33.930288
-70.0,5,33.934864
-95.0,5,33.941189
-70.0,5,33.945703
-95.0,5,33.950619
-95.0,5,33.954935
-70.0,5,33.965883
-70.0,5,33.971858
-70.0,5,33.976665
-95.0,5,33.981047
-95.0,5,33.990024
-95.0,5,33.995818
-70.0,5,34.001667
-95.0,5,34.007704
-70.0,5,34.015061
-70.0,5,34.020321
-95.0,5,34.026582
-70.0,5,34.032014
-95.0,5,34.041775
-95.0,5,34.047228
-70.0,5,34.052227
-70.0,5,34.056545
-95.0,5,34.062742
-70.0,5,34.067825
-70.0,5,34.072792
-70.0,5,34.077676
-120.0,5,34.087563
-95.0,5,34.092008
-95.0,5,34.096671
-95.0,5,34.101421
-120.0,5,34.108123
-95.0,5,34.112627
-95.0,5,34.117207
-70.0,5,34.121846
-95.0,5,34.128507
-95.0,5,34.132829
-120.0,5,34.137987
-120.0,5,34.144928
-120.0,5,34.152686
-95.0,5,34.15732
-120.0,5,34.161858
-120.0,5,34.166316
-120.0,5,34.172782
-95.0,5,34.17694
-120.0,5,34.181616
-120.0,5,34.186202
-70.0,5,34.195114
-95.0,5,34.199877
-120.0,5,34.204458
-120.0,5,34.209185
-95.0,5,34.21945
-70.0,5,34.225102
-95.0,5,34.229777
-120.0,5,34.234643
-120.0,5,34.241282
-120.0,5,34.246141
-95.0,5,34.252972
-95.0,5,34.258193
-120.0,5,34.264699
-120.0,5,34.269249
-120.0,5,34.273641
-95.0,5,34.27775
-120.0,5,34.284639
-95.0,5,34.289319
-95.0,5,34.294352
-120.0,5,34.299565
-95.0,5,34.31001
-95.0,5,34.3147
-95.0,5,34.31932
-95.0,5,34.323879
-70.0,5,34.330309
-95.0,5,34.334921
-70.0,5,34.339558
-95.0,5,34.343477
-120.0,5,34.350494
-70.0,5,34.356712
-95.0,5,34.363354
-70.0,5,34.369148
-70.0,5,34.376552
-70.0,5,34.381266
-95.0,5,34.386241
-95.0,5,34.390573
-70.0,5,34.396563
-70.0,5,34.401583
-70.0,5,34.406535
-70.0,5,34.4113
-70.0,5,34.420316
-70.0,5,34.425438
-70.0,5,34.429996
-70.0,5,34.434235
-70.0,5,34.440608
-70.0,5,34.445064
-70.0,5,34.449785
-95.0,5,34.453988
-95.0,5,34.460221
-70.0,5,34.464858
-70.0,5,34.470111
-70.0,5,34.476112
-70.0,5,34.482982
-70.0,5,34.487782
-70.0,5,34.492175
-95.0,5,34.496774
-70.0,5,34.503323
-70.0,5,34.507889
-70.0,5,34.513537
-70.0,5,34.518035
-70.0,5,34.526637
-70.0,5,34.531338
-70.0,5,34.536131
-70.0,5,34.540582
-70.0,5,34.547697
-95.0,5,34.552218
-70.0,5,34.557063
-70.0,5,34.561468
-70.0,5,34.568104
-70.0,5,34.57316
-70.0,5,34.57984
-70.0,5,34.585079
-70.0,5,34.59332
-70.0,5,34.600096
-70.0,5,34.606961
-70.0,5,34.61222
-70.0,5,34.619412
-70.0,5,34.623995
-95.0,5,34.628495
-70.0,5,34.632983
-70.0,5,34.643028
-70.0,5,34.649092
-70.0,5,34.654042
-70.0,5,34.658684
-70.0,5,34.665335
-70.0,5,34.670188
-70.0,5,34.675198
-70.0,5,34.679773
-70.0,5,34.686694
-70.0,5,34.691563
-70.0,5,34.697576
-70.0,5,34.702286
-70.0,5,34.709542
-70.0,5,34.714155
-70.0,5,34.719064
-70.0,5,34.723686
-70.0,5,34.730109
-70.0,5,34.734754
-70.0,5,34.739775
-70.0,5,34.744267
-70.0,5,34.753534
-70.0,5,34.758227
-70.0,5,34.76271
-70.0,5,34.767388
-70.0,5,34.774136
-70.0,5,34.778329
-70.0,5,34.782764
-95.0,5,34.786584
-70.0,5,34.79331
-70.0,5,34.79767
-70.0,5,34.804408
-70.0,5,34.809398
-70.0,5,34.816418
-70.0,5,34.821401
-70.0,5,34.82614
-70.0,5,34.830751
-70.0,5,34.836924
-70.0,5,34.841354
-70.0,5,34.846958
-70.0,5,34.851821
-70.0,5,34.861013
-70.0,5,34.865534
-70.0,5,34.870761
-70.0,5,34.8753
-70.0,5,34.881774
-95.0,5,34.885962
-70.0,5,34.89035
-70.0,5,34.894596
-70.0,5,34.901246
-70.0,5,34.905986
-95.0,5,34.912632
-70.0,5,34.917671
-70.0,5,34.924126
-70.0,5,34.92909
-70.0,5,34.933895
-70.0,5,34.938618
-70.0,5,34.946229
-70.0,5,34.950874
-70.0,5,34.955933
-70.0,5,34.960712
-70.0,5,34.970312
-70.0,5,34.976784
-95.0,5,34.981626
-70.0,5,34.986702
-70.0,5,34.994648
-70.0,5,35.002062
-70.0,5,35.008066
-70.0,5,35.01331
-70.0,5,35.020491
-70.0,5,35.026461
-70.0,5,35.03222
-70.0,5,35.03712
-70.0,5,35.043616
-70.0,5,35.048152
-70.0,5,35.052627
-70.0,5,35.057075
-95.0,5,35.063079
-70.0,5,35.067732
-70.0,5,35.072509
-70.0,5,35.076952
-70.0,5,35.08611
-70.0,5,35.090938
-70.0,5,35.095501
-70.0,5,35.100401
-70.0,5,35.10736
-70.0,5,35.111814
-70.0,5,35.116554
-70.0,5,35.121431
-70.0,5,35.12849
-70.0,5,35.133616
-70.0,5,35.138504
-70.0,5,35.144262
-70.0,5,35.151006
-70.0,5,35.155887
-70.0,5,35.160392
-70.0,5,35.165096
-70.0,5,35.171508
-70.0,5,35.175964
-70.0,5,35.18146
-70.0,5,35.186574
-70.0,5,35.196395
-70.0,5,35.201717
-70.0,5,35.206513
-70.0,5,35.211118
-70.0,5,35.217443
-70.0,5,35.221963
-70.0,5,35.22641
-70.0,5,35.231528
-70.0,5,35.238601
-70.0,5,35.24301
-70.0,5,35.249274
-70.0,5,35.254488
-70.0,5,35.261221
-70.0,5,35.265664
-70.0,5,35.270181
-70.0,5,35.274915
-70.0,5,35.282194
-70.0,5,35.286861
-70.0,5,35.29185
-70.0,5,35.296429
-70.0,5,35.30573
-70.0,5,35.311027
-70.0,5,35.316478
-70.0,5,35.321778
-70.0,5,35.328438
-70.0,5,35.3329
-70.0,5,35.337529
-70.0,5,35.341985
-70.0,5,35.348758
-70.0,5,35.353748
-70.0,5,35.360273
-70.0,5,35.36508
-70.0,5,35.371821
-70.0,5,35.375945
-70.0,5,35.380443
-70.0,5,35.385137
-70.0,5,35.391814
-70.0,5,35.395977
-70.0,5,35.400606
-70.0,5,35.405148
-70.0,5,35.415139
-70.0,5,35.421411
-70.0,5,35.427889
-70.0,5,35.43543
-70.0,5,35.444998
-70.0,5,35.450244
-70.0,5,35.455704
-70.0,5,35.460492
-70.0,5,35.467687
-70.0,5,35.473163
-70.0,5,35.480913
-70.0,5,35.486639
-70.0,5,35.493533
-70.0,5,35.499529
-70.0,5,35.507418
-70.0,5,35.513303
-70.0,5,35.520874
-70.0,5,35.526496
-70.0,5,35.532196
-70.0,5,35.538299
-70.0,5,35.54771
-70.0,5,35.552957
-95.0,5,35.557635
-70.0,5,35.562129
-70.0,5,35.568973
-70.0,5,35.573543
-95.0,5,35.577737
-70.0,5,35.58335
-70.0,5,35.591935
-70.0,5,35.599738
-70.0,5,35.607374
-70.0,5,35.61475
-70.0,5,35.623675
-70.0,5,35.62932
-70.0,5,35.635005
-95.0,5,35.640663
-70.0,5,35.647742
-70.0,5,35.652552
-70.0,5,35.657708
-70.0,5,35.662488
-70.0,5,35.67215
-70.0,5,35.676967
-70.0,5,35.681663
-70.0,5,35.687215
-70.0,5,35.694854
-70.0,5,35.700178
-70.0,5,35.706748
-70.0,5,35.715149
-70.0,5,35.726346
-70.0,5,35.731953
-70.0,5,35.737693
-70.0,5,35.744961
-70.0,5,35.757318
-70.0,5,35.763189
-70.0,5,35.769114
-70.0,5,35.774773
-70.0,5,35.782026
-70.0,5,35.787189
-70.0,5,35.792553
-95.0,5,35.797133
-70.0,5,35.805539
-70.0,5,35.81035
-70.0,5,35.815114
-70.0,5,35.819835
-95.0,5,35.826391
-70.0,5,35.830855
-70.0,5,35.83653
-70.0,5,35.841938
-70.0,5,35.848662
-70.0,5,35.853637
-70.0,5,35.860032
-120.0,5,35.864416
-120.0,5,35.871373
-95.0,5,35.875806
-120.0,5,35.880335
-120.0,5,35.886657
-120.0,5,35.893552
-120.0,5,35.898347
-120.0,5,35.903148
-120.0,5,35.907641
-120.0,5,35.91658
-120.0,5,35.92211
-120.0,5,35.926381
-120.0,5,35.930967
-120.0,5,35.937769
-120.0,5,35.942665
-120.0,5,35.947499
-120.0,5,35.952184
-120.0,5,35.958529
-120.0,5,35.963209
-120.0,5,35.969492
-120.0,5,35.974238
-120.0,5,35.980643
-120.0,5,35.986069
-120.0,5,35.991216
-120.0,5,35.995833
-120.0,5,36.00351
-120.0,5,36.008771
-120.0,5,36.013469
-120.0,5,36.017952
-120.0,5,36.026985
-120.0,5,36.03165
-120.0,5,36.036242
-120.0,5,36.040774
-120.0,5,36.048684
-120.0,5,36.053651
-120.0,5,36.058434
-120.0,5,36.063144
-120.0,5,36.069742
-120.0,5,36.074602
-120.0,5,36.080983
-120.0,5,36.085773
-120.0,5,36.092409
-120.0,5,36.097056
-120.0,5,36.104824
-120.0,5,36.110879
-120.0,5,36.118615
-120.0,5,36.125015
-120.0,5,36.129867
-120.0,5,36.134718
-120.0,5,36.144431
-120.0,5,36.150055
-120.0,5,36.154804
-120.0,5,36.159811
-120.0,5,36.166398
-120.0,5,36.170879
-120.0,5,36.175259
-120.0,5,36.179447
-120.0,5,36.186598
-120.0,5,36.19237
-120.0,5,36.198511
-120.0,5,36.20343
-120.0,5,36.210051
-120.0,5,36.214614
-120.0,5,36.22009
-120.0,5,36.224819
-120.0,5,36.231396
-120.0,5,36.235726
-120.0,5,36.241717
-120.0,5,36.247302
-120.0,5,36.256929
-120.0,5,36.261754
-120.0,5,36.266613
-120.0,5,36.271099
-120.0,5,36.277254
-120.0,5,36.281765
-120.0,5,36.286394
-120.0,5,36.290954
-120.0,5,36.297689
-120.0,5,36.302528
-120.0,5,36.308715
-120.0,5,36.313514
-120.0,5,36.321396
-120.0,5,36.326399
-120.0,5,36.332012
-120.0,5,36.336787
-120.0,5,36.343039
-95.0,5,36.347363
-120.0,5,36.352327
-120.0,5,36.356722
-120.0,5,36.365731
-120.0,5,36.370639
-120.0,5,36.375114
-120.0,5,36.379357
-120.0,5,36.385793
-120.0,5,36.390186
-120.0,5,36.394779
-120.0,5,36.40011
-120.0,5,36.407195
-120.0,5,36.412303
-120.0,5,36.418791
-95.0,5,36.427983
-120.0,5,36.439016
-120.0,5,36.444715
-120.0,5,36.450058
-120.0,5,36.455553
-120.0,5,36.462368
-120.0,5,36.467299
-95.0,5,36.475339
-120.0,5,36.486771
-120.0,5,36.495781
-120.0,5,36.505342
-120.0,5,36.511305
-120.0,5,36.519471
-120.0,5,36.529979
-120.0,5,36.536422
-120.0,5,36.542355
-120.0,5,36.549455
-120.0,5,36.561465
-120.0,5,36.568022
-95.0,5,36.573505
-120.0,5,36.579491
-120.0,5,36.588662
-120.0,5,36.596656
-120.0,5,36.605698
-120.0,5,36.612724
-120.0,5,36.621011
-120.0,5,36.626133
-120.0,5,36.632711
-120.0,5,36.639197
-120.0,5,36.647329
-120.0,5,36.653729
-120.0,5,36.659083
-120.0,5,36.663537
-120.0,5,36.670021
-120.0,5,36.674636
-120.0,5,36.679193
-120.0,5,36.683311
-120.0,5,36.690253
-120.0,5,36.695463
-120.0,5,36.706418
-120.0,5,36.713104
-120.0,5,36.722376
-120.0,5,36.728793
-120.0,5,36.734535
-120.0,5,36.741684
-120.0,5,36.749445
-120.0,5,36.75553
-120.0,5,36.761425
-120.0,5,36.76692
-120.0,5,36.776662
-120.0,5,36.781233
-120.0,5,36.786404
-120.0,5,36.791422
-120.0,5,36.799454
-120.0,5,36.804735
-95.0,5,36.8103
-120.0,5,36.816229
-120.0,5,36.823943
-120.0,5,36.829208
-120.0,5,36.838704
-120.0,5,36.846714
-120.0,5,36.856334
-120.0,5,36.861496
-120.0,5,36.866672
-120.0,5,36.871723
-120.0,5,36.878521
-120.0,5,36.88319
-120.0,5,36.888971
-120.0,5,36.893587
-120.0,5,36.902727
-120.0,5,36.907542
-120.0,5,36.912267
-120.0,5,36.916506
-120.0,5,36.923106
-120.0,5,36.927297
-120.0,5,36.931424
-120.0,5,36.93593
-120.0,5,36.942245
-120.0,5,36.94925
-120.0,5,36.957947
-120.0,5,36.964094
-120.0,5,36.97251
-120.0,5,36.977242
-120.0,5,36.982371
-120.0,5,36.990022
-120.0,5,36.998103
-120.0,5,37.00391
-120.0,5,37.009223
-120.0,5,37.014106
-120.0,5,37.02276
-120.0,5,37.027764
-120.0,5,37.034379
-120.0,5,37.040112
-120.0,5,37.047014
-120.0,5,37.051671
-120.0,5,37.056667
-120.0,5,37.061445
-120.0,5,37.068546
-120.0,5,37.07397
-120.0,5,37.079916
-120.0,5,37.084805
-120.0,5,37.093728
-120.0,5,37.102316
-120.0,5,37.109249
-120.0,5,37.114394
-120.0,5,37.123721
-120.0,5,37.129059
-120.0,5,37.134827
-120.0,5,37.140366
-120.0,5,37.149064
-120.0,5,37.155178
-120.0,5,37.160406
-120.0,5,37.165256
-120.0,5,37.171972
-120.0,5,37.176767
-95.0,5,37.181158
-120.0,5,37.186289
-120.0,5,37.194814
-120.0,5,37.201103
-120.0,5,37.20708
-120.0,5,37.21393
-120.0,5,37.223069
-120.0,5,37.228376
-120.0,5,37.233048
-120.0,5,37.23816
-120.0,5,37.244549
-120.0,5,37.25023
-120.0,5,37.255408
-95.0,5,37.259787
-120.0,5,37.268766
-120.0,5,37.27386
-120.0,5,37.278651
-120.0,5,37.283336
-120.0,5,37.289953
-120.0,5,37.294589
-95.0,5,37.29894
-120.0,5,37.303431
-120.0,5,37.310356
-120.0,5,37.315035
-120.0,5,37.321154
-120.0,5,37.32579
-120.0,5,37.332211
-120.0,5,37.336859
-120.0,5,37.34137
-120.0,5,37.345873
-120.0,5,37.35232
-120.0,5,37.357302
-120.0,5,37.364538
-120.0,5,37.369598
-120.0,5,37.377861
-120.0,5,37.382752
-120.0,5,37.387371
-120.0,5,37.391966
-120.0,5,37.399258
-120.0,5,37.404328
-120.0,5,37.409084
-120.0,5,37.414268
-120.0,5,37.421856
-120.0,5,37.426466
-120.0,5,37.432943
-120.0,5,37.437722
-120.0,5,37.444334
-120.0,5,37.449038
-120.0,5,37.453605
-120.0,5,37.458993
-120.0,5,37.466369
-120.0,5,37.471294
-120.0,5,37.476894
-120.0,5,37.481431
-120.0,5,37.490369
-120.0,5,37.495981
-95.0,5,37.500816
-120.0,5,37.505611
-120.0,5,37.512958
-120.0,5,37.517871
-120.0,5,37.522517
-120.0,5,37.527434
-120.0,5,37.534552
-120.0,5,37.539698
-120.0,5,37.546034
-120.0,5,37.550522
-120.0,5,37.556427
-120.0,5,37.560947
-120.0,5,37.565612
-120.0,5,37.570407
-120.0,5,37.577252
-120.0,5,37.581837
-120.0,5,37.586519
-120.0,5,37.590987
-120.0,5,37.599703
-120.0,5,37.604422
-120.0,5,37.608995
-120.0,5,37.613563
-120.0,5,37.620342
-95.0,5,37.624722
-120.0,5,37.629301
-120.0,5,37.633861
-95.0,5,37.639846
-120.0,5,37.6443
-120.0,5,37.650419
-95.0,5,37.655138
-120.0,5,37.661762
-120.0,5,37.665905
-120.0,5,37.670489
-120.0,5,37.674689
-120.0,5,37.681201
-120.0,5,37.685762
-120.0,5,37.690518
-120.0,5,37.695028
-120.0,5,37.704385
-120.0,5,37.710066
-120.0,5,37.715207
-120.0,5,37.719968
-120.0,5,37.726424
-120.0,5,37.731212
-120.0,5,37.735849
-120.0,5,37.740556
-95.0,5,37.746883
-120.0,5,37.751547
-95.0,5,37.756929
-120.0,5,37.761823
-120.0,5,37.768773
-120.0,5,37.773338
-120.0,5,37.777852
-120.0,5,37.783888
-120.0,5,37.792347
-120.0,5,37.798337
-120.0,5,37.804832
-120.0,5,37.813564
-120.0,5,37.825107
-95.0,5,37.829766
-120.0,5,37.835129
-120.0,5,37.840346
-120.0,5,37.8473
-120.0,5,37.851643
-120.0,5,37.856381
-120.0,5,37.861683
-120.0,5,37.869147
-120.0,5,37.87417
-120.0,5,37.880208
-120.0,5,37.885577
-120.0,5,37.892432
-120.0,5,37.897234
-120.0,5,37.901972
-120.0,5,37.906627
-120.0,5,37.913074
-120.0,5,37.917545
-120.0,5,37.92232
-120.0,5,37.926809
-120.0,5,37.93501
-120.0,5,37.939709
-120.0,5,37.944227
-120.0,5,37.948785
-120.0,5,37.955358
-120.0,5,37.959796
-120.0,5,37.964436
-120.0,5,37.969061
-120.0,5,37.975626
-120.0,5,37.98031
-120.0,5,37.986962
-120.0,5,37.991759
-120.0,5,37.998472
-120.0,5,38.003483
-120.0,5,38.008234
-120.0,5,38.012546
-120.0,5,38.019689
-120.0,5,38.024264
-120.0,5,38.028688
-120.0,5,38.033392
-120.0,5,38.041464
-120.0,5,38.046293
-120.0,5,38.05109
-120.0,5,38.055564
-120.0,5,38.061982
-120.0,5,38.066477
-120.0,5,38.07098
-120.0,5,38.075495
-120.0,5,38.082041
-120.0,5,38.08658
-120.0,5,38.093064
-120.0,5,38.097747
-120.0,5,38.104425
-120.0,5,38.108874
-120.0,5,38.113319
-120.0,5,38.117454
-120.0,5,38.123708
-120.0,5,38.128167
-120.0,5,38.132979
-120.0,5,38.137652
-95.0,5,38.145716
-120.0,5,38.150537
-120.0,5,38.154689
-120.0,5,38.159136
-120.0,5,38.165467
-120.0,5,38.169916
-120.0,5,38.174378
-120.0,5,38.178804
-120.0,5,38.18504
-120.0,5,38.190037
-120.0,5,38.197144
-120.0,5,38.202689
-120.0,5,38.209625
-120.0,5,38.215331
-120.0,5,38.220015
-120.0,5,38.224629
-120.0,5,38.230735
-120.0,5,38.235338
-120.0,5,38.239952
-120.0,5,38.244621
-120.0,5,38.253782
-120.0,5,38.259074
-120.0,5,38.263862
-120.0,5,38.268313
-120.0,5,38.274693
-95.0,5,38.278857
-120.0,5,38.283472
-120.0,5,38.28814
-120.0,5,38.295296
-120.0,5,38.300122
-120.0,5,38.305559
-120.0,5,38.312493
-120.0,5,38.323982
-95.0,5,38.328704
-120.0,5,38.335932
-120.0,5,38.341937
-120.0,5,38.349349
-120.0,5,38.354316
-120.0,5,38.359332
-120.0,5,38.364065
-120.0,5,38.371776
-120.0,5,38.376692
-120.0,5,38.381276
-120.0,5,38.386025
-120.0,5,38.392573
-120.0,5,38.397028
-120.0,5,38.401511
-120.0,5,38.406481
-120.0,5,38.41357
-120.0,5,38.418167
-95.0,5,38.423757
-120.0,5,38.42875
-120.0,5,38.437044
-120.0,5,38.442053
-120.0,5,38.44644
-120.0,5,38.451065
-120.0,5,38.463239
-120.0,5,38.470364
-120.0,5,38.476909
-120.0,5,38.48215
-120.0,5,38.490341
-120.0,5,38.496375
-120.0,5,38.50156
-120.0,5,38.506419
-120.0,5,38.515013
-120.0,5,38.520492
-120.0,5,38.530289
-120.0,5,38.537762
-120.0,5,38.546094
-120.0,5,38.551044
-120.0,5,38.55715
-120.0,5,38.566073
-120.0,5,38.576567
-95.0,5,38.58207
-120.0,5,38.58835
-120.0,5,38.593877
-120.0,5,38.601537
-120.0,5,38.606568
-120.0,5,38.612264
-120.0,5,38.617358
-120.0,5,38.626479
-120.0,5,38.631453
-95.0,5,38.635681
-120.0,5,38.640254
-120.0,5,38.646779
-120.0,5,38.651337
-120.0,5,38.655837
-120.0,5,38.660376
-120.0,5,38.668645
-120.0,5,38.673888
-120.0,5,38.67872
-120.0,5,38.683769
-120.0,5,38.690371
-120.0,5,38.694826
-120.0,5,38.699102
-120.0,5,38.703615
-120.0,5,38.710152
-120.0,5,38.714753
-120.0,5,38.719455
-95.0,5,38.723812
-120.0,5,38.731537
-120.0,5,38.7364
-120.0,5,38.741109
-120.0,5,38.745587
-120.0,5,38.751996
-120.0,5,38.756631
-120.0,5,38.761044
-120.0,5,38.765825
-120.0,5,38.772693
-120.0,5,38.777522
-120.0,5,38.783669
-120.0,5,38.788244
-120.0,5,38.794704
-120.0,5,38.799322
-120.0,5,38.804127
-120.0,5,38.814533
-120.0,5,38.82616
-120.0,5,38.831553
-120.0,5,38.837397
-120.0,5,38.846367
-120.0,5,38.857943
-120.0,5,38.863443
-120.0,5,38.870081
-120.0,5,38.876049
-120.0,5,38.883426
-120.0,5,38.888664
-120.0,5,38.894078
-120.0,5,38.899054
-120.0,5,38.906256
-120.0,5,38.913302
-120.0,5,38.920924
-120.0,5,38.926054
-120.0,5,38.932924
-120.0,5,38.938123
-120.0,5,38.943251
-120.0,5,38.947863
-120.0,5,38.95443
-120.0,5,38.959029
-120.0,5,38.963649
-120.0,5,38.96751
-120.0,5,38.975514
-95.0,5,38.979665
-120.0,5,38.984262
-120.0,5,38.988469
-120.0,5,38.995084
-120.0,5,38.999756
-120.0,5,39.004211
-120.0,5,39.00911
-120.0,5,39.017359
-120.0,5,39.028977
-120.0,5,39.043844
-120.0,5,39.057189
-120.0,5,39.076188
-120.0,5,39.08919
-120.0,5,39.101427
-120.0,5,39.11445
-120.0,5,39.132592
-120.0,5,39.144213
-120.0,5,39.158467
-120.0,5,39.172684
-120.0,5,39.192365
-120.0,5,39.205768
-120.0,5,39.220201
-120.0,5,39.233526
-120.0,5,39.255271
-120.0,5,39.268851
-120.0,5,39.28292
-120.0,5,39.295723
-120.0,5,39.316946
-120.0,5,39.331146
-120.0,5,39.344263
-120.0,5,39.352779
-120.0,5,39.369709
-120.0,5,39.382556
-120.0,5,39.396481
-120.0,5,39.408618
-120.0,5,39.423291
-120.0,5,39.430458
-120.0,5,39.438071
-120.0,5,39.445382
-120.0,5,39.454073
-120.0,5,39.459851
-120.0,5,39.464652
-120.0,5,39.470395
-120.0,5,39.480708
-120.0,5,39.488773
-120.0,5,39.493369
-120.0,5,39.500553
-120.0,5,39.511749
-120.0,5,39.519019
-120.0,5,39.526566
-120.0,5,39.532244
-120.0,5,39.539958
-120.0,5,39.545126
-120.0,5,39.549993
-120.0,5,39.555019
-120.0,5,39.561783
-120.0,5,39.566929
-120.0,5,39.572727
-120.0,5,39.577313
-120.0,5,39.587253
-120.0,5,39.592321
-120.0,5,39.597377
-120.0,5,39.602075
-120.0,5,39.608318
-120.0,5,39.613914
-120.0,5,39.618961
-120.0,5,39.626453
-120.0,5,39.634802
-120.0,5,39.641937
-120.0,5,39.647607
-120.0,5,39.653067
-120.0,5,39.661171
-120.0,5,39.666613
-120.0,5,39.673134
-95.0,5,39.677961
-120.0,5,39.684759
-95.0,5,39.689365
-120.0,5,39.694357
-120.0,5,39.702133
-120.0,5,39.71323
-120.0,5,39.71913
-120.0,5,39.725083
-120.0,5,39.73017
-120.0,5,39.739494
-120.0,5,39.745834
-120.0,5,39.751062
-95.0,5,39.757471
-120.0,5,39.7674
-120.0,5,39.774474
-120.0,5,39.779813
-120.0,5,39.784948
-120.0,5,39.791587
-120.0,5,39.796249
-120.0,5,39.800662
-120.0,5,39.805286
-120.0,5,39.811821
-120.0,5,39.816272
-120.0,5,39.821152
-120.0,5,39.825753
-120.0,5,39.835281
-95.0,5,39.838946
-120.0,5,39.843596
-120.0,5,39.848197
-120.0,5,39.854428
-120.0,5,39.858953
-120.0,5,39.864424
-120.0,5,39.869391
-120.0,5,39.876613
-120.0,5,39.881336
-120.0,5,39.889918
-120.0,5,39.897317
-120.0,5,39.907629
-120.0,5,39.913034
-120.0,5,39.91864
-120.0,5,39.923763
-95.0,5,39.930976
-120.0,5,39.9356
-120.0,5,39.939716
-120.0,5,39.944632
-120.0,5,39.953465
-120.0,5,39.958303
-120.0,5,39.962772
-120.0,5,39.967386
-120.0,5,39.973787
-120.0,5,39.978432
-120.0,5,39.983115
-120.0,5,39.987916
-120.0,5,39.996244
-120.0,5,40.003191
-120.0,5,40.01031
-120.0,5,40.018514
-120.0,5,40.029127
-120.0,5,40.036284
-120.0,5,40.042245
-120.0,5,40.047655
-120.0,5,40.055313
-120.0,5,40.060529
-120.0,5,40.065935
-120.0,5,40.071028
-120.0,5,40.079617
-120.0,5,40.084454
-120.0,5,40.089141
-120.0,5,40.094452
-120.0,5,40.102264
-120.0,5,40.107259
-120.0,5,40.11186
-120.0,5,40.11728
-120.0,5,40.124652
-120.0,5,40.130394
-120.0,5,40.136848
-120.0,5,40.141777
-120.0,5,40.148409
-120.0,5,40.153364
-120.0,5,40.15769
-120.0,5,40.162365
-120.0,5,40.170431
-120.0,5,40.175171
-120.0,5,40.180018
-120.0,5,40.184784
-120.0,5,40.196306
-120.0,5,40.204057
-120.0,5,40.210251
-120.0,5,40.215429
-120.0,5,40.223001
-120.0,5,40.227496
-120.0,5,40.232386
-120.0,5,40.237308
-95.0,5,40.243608
-120.0,5,40.24798
-120.0,5,40.252894
-120.0,5,40.258879
-120.0,5,40.266244
-120.0,5,40.271024
-120.0,5,40.275586
-120.0,5,40.28011
-120.0,5,40.286305
-120.0,5,40.290614
-120.0,5,40.295329
-120.0,5,40.300111
-120.0,5,40.30884
-120.0,5,40.314802
-120.0,5,40.319936
-120.0,5,40.325315
-120.0,5,40.335369
-120.0,5,40.34193
-120.0,5,40.347916
-120.0,5,40.354048
-120.0,5,40.362367
-120.0,5,40.368597
-120.0,5,40.375284
-120.0,5,40.380299
-120.0,5,40.387988
-120.0,5,40.392893
-120.0,5,40.397594
-120.0,5,40.402513
-120.0,5,40.409135
-95.0,5,40.413074
-120.0,5,40.417929
-120.0,5,40.42273
-120.0,5,40.431381
-95.0,5,40.436861
-120.0,5,40.442109
-120.0,5,40.447288
-120.0,5,40.454356
-120.0,5,40.458974
-120.0,5,40.463646
-120.0,5,40.468273
-120.0,5,40.474912
-120.0,5,40.479477
-120.0,5,40.48562
-120.0,5,40.490239
-120.0,5,40.497231
-120.0,5,40.501886
-120.0,5,40.506558
-95.0,5,40.511213
-120.0,5,40.517778
-95.0,5,40.522987
-120.0,5,40.528297
-95.0,5,40.533286
-95.0,5,40.541877
-120.0,5,40.547003
-120.0,5,40.551907
-95.0,5,40.556599
-95.0,5,40.563006
-120.0,5,40.567753
-120.0,5,40.572811
-95.0,5,40.577646
-120.0,5,40.58455
-95.0,5,40.589229
-95.0,5,40.595328
-120.0,5,40.599704
-120.0,5,40.606034
-95.0,5,40.610604
-120.0,5,40.61607
-95.0,5,40.621303
-95.0,5,40.628299
-120.0,5,40.632968
-95.0,5,40.637863
-95.0,5,40.642068
-95.0,5,40.651165
-70.0,5,40.656485
-95.0,5,40.661181
-70.0,5,40.665996
-95.0,5,40.672086
-120.0,5,40.676755
-120.0,5,40.681354
-70.0,5,40.685611
-95.0,5,40.691848
-120.0,5,40.696371
-120.0,5,40.703548
-95.0,5,40.709096
-120.0,5,40.716077
-120.0,5,40.720698
-120.0,5,40.72561
-120.0,5,40.733596
-120.0,5,40.74273
-120.0,5,40.747559
-120.0,5,40.753705
-120.0,5,40.758678
-120.0,5,40.768009
-120.0,5,40.772755
-120.0,5,40.777516
-120.0,5,40.782201
-120.0,5,40.788757
-120.0,5,40.793391
-120.0,5,40.798131
-120.0,5,40.802718
-120.0,5,40.809381
-120.0,5,40.815541
-120.0,5,40.821685
-120.0,5,40.82667
-120.0,5,40.833371
-120.0,5,40.83809
-120.0,5,40.842716
-120.0,5,40.846579
-120.0,5,40.853422
-120.0,5,40.857948
-120.0,5,40.862566
-120.0,5,40.867307
-120.0,5,40.876018
-120.0,5,40.880353
-120.0,5,40.885272
-120.0,5,40.889844
-120.0,5,40.89628
-120.0,5,40.90095
-120.0,5,40.905998
-120.0,5,40.91082
-120.0,5,40.917661
-120.0,5,40.922485
-120.0,5,40.929085
-120.0,5,40.934204
-120.0,5,40.940678
-120.0,5,40.945356
-120.0,5,40.950737
-120.0,5,40.955974
-120.0,5,40.963134
-120.0,5,40.967852
-120.0,5,40.972831
-120.0,5,40.977451
-120.0,5,40.98609
-120.0,5,40.990966
-120.0,5,40.995549
-120.0,5,41.0002
-120.0,5,41.006646
-120.0,5,41.011268
-120.0,5,41.015738
-120.0,5,41.019951
-120.0,5,41.026592
-120.0,5,41.031161
-95.0,5,41.037476
-120.0,5,41.042663
-95.0,5,41.049981
-120.0,5,41.054198
-120.0,5,41.059113
-120.0,5,41.064263
-120.0,5,41.071507
-120.0,5,41.076314
-120.0,5,41.081523
-120.0,5,41.086597
-120.0,5,41.096809
-120.0,5,41.102315
-95.0,5,41.107224
-120.0,5,41.111845
-120.0,5,41.118454
-120.0,5,41.12326
-120.0,5,41.127876
-120.0,5,41.132088
-95.0,5,41.138478
-95.0,5,41.142737
-120.0,5,41.149136
-120.0,5,41.153954
-120.0,5,41.160384
-120.0,5,41.164953
-95.0,5,41.168962
-120.0,5,41.173484
-120.0,5,41.180002
-120.0,5,41.184518
-120.0,5,41.189344
-95.0,5,41.193857
-120.0,5,41.201993
-95.0,5,41.206363
-120.0,5,41.210896
-120.0,5,41.215199
-120.0,5,41.221619
-120.0,5,41.226079
-95.0,5,41.230602
-120.0,5,41.235252
-95.0,5,41.242268
-120.0,5,41.247038
-95.0,5,41.253738
-95.0,5,41.258775
-95.0,5,41.26511
-120.0,5,41.270176
-120.0,5,41.275132
-120.0,5,41.279463
-95.0,5,41.285888
-120.0,5,41.290394
-95.0,5,41.295201
-95.0,5,41.299754
-120.0,5,41.308874
-120.0,5,41.314858
-120.0,5,41.320455
-95.0,5,41.325971
-120.0,5,41.334502
-70.0,5,41.340362
-120.0,5,41.345634
-95.0,5,41.351147
-95.0,5,41.359493
-95.0,5,41.364666
-120.0,5,41.370419
-120.0,5,41.377045
-120.0,5,41.384217
-120.0,5,41.388546
-120.0,5,41.393238
-120.0,5,41.39748
-120.0,5,41.405002
-120.0,5,41.409685
-120.0,5,41.414572
-120.0,5,41.41944
-120.0,5,41.429226
-120.0,5,41.434338
-120.0,5,41.439077
-120.0,5,41.443747
-120.0,5,41.450559
-120.0,5,41.455214
-120.0,5,41.459801
-120.0,5,41.464411
-120.0,5,41.47165
-120.0,5,41.47686
-120.0,5,41.482724
-120.0,5,41.487647
-120.0,5,41.494222
-120.0,5,41.498765
-120.0,5,41.503298
-120.0,5,41.507824
-120.0,5,41.51393
-120.0,5,41.518151
-120.0,5,41.522959
-120.0,5,41.527491
-120.0,5,41.536052
-120.0,5,41.540869
-120.0,5,41.54541
-120.0,5,41.549631
-120.0,5,41.556213
-120.0,5,41.560795
-120.0,5,41.565342
-120.0,5,41.569994
-120.0,5,41.576751
-120.0,5,41.581378
-120.0,5,41.587247
-120.0,5,41.591896
-120.0,5,41.599416
-120.0,5,41.604095
-120.0,5,41.608808
-120.0,5,41.613464
-120.0,5,41.619846
-120.0,5,41.624536
-120.0,5,41.629474
-120.0,5,41.634639
-120.0,5,41.644306
-120.0,5,41.649595
-120.0,5,41.654285
-120.0,5,41.658884
-120.0,5,41.66544
-120.0,5,41.670094
-120.0,5,41.675969
-120.0,5,41.681365
-120.0,5,41.687612
-95.0,5,41.691969
-120.0,5,41.698361
-120.0,5,41.703685
-120.0,5,41.710572
-120.0,5,41.714821
-120.0,5,41.719088
-120.0,5,41.723873
-120.0,5,41.730367
-120.0,5,41.734977
-120.0,5,41.740803
-120.0,5,41.745504
-120.0,5,41.753841
-120.0,5,41.758144
-95.0,5,41.762749
-120.0,5,41.769245
-120.0,5,41.776549
-120.0,5,41.781176
-120.0,5,41.785833
-120.0,5,41.790722
-120.0,5,41.797678
-120.0,5,41.805963
-120.0,5,41.814321
-120.0,5,41.820686
-95.0,5,41.828167
-120.0,5,41.833853
-120.0,5,41.839089
-120.0,5,41.843757
-120.0,5,41.850405
-120.0,5,41.857132
-120.0,5,41.862483
-95.0,5,41.867639
-120.0,5,41.876081
-120.0,5,41.880811
-120.0,5,41.886682
-120.0,5,41.892609
-120.0,5,41.899841
-95.0,5,41.904167
-120.0,5,41.909038
-120.0,5,41.913924
-120.0,5,41.920371
-120.0,5,41.925008
-120.0,5,41.930931
-120.0,5,41.935633
-120.0,5,41.942203
-120.0,5,41.947492
-120.0,5,41.952464
-120.0,5,41.957161
-120.0,5,41.963733
-120.0,5,41.968626
-120.0,5,41.973129
-120.0,5,41.977707
-120.0,5,41.988334
-120.0,5,41.996147
-120.0,5,42.002372
-120.0,5,42.008205
-95.0,5,42.015909
-120.0,5,42.021661
-95.0,5,42.026772
-120.0,5,42.032121
-120.0,5,42.039324
-120.0,5,42.044691
-120.0,5,42.052506
-120.0,5,42.061562
-120.0,5,42.072973
-120.0,5,42.078767
-120.0,5,42.085088
-120.0,5,42.092656
-120.0,5,42.100725
-120.0,5,42.106868
-120.0,5,42.112543
-120.0,5,42.11835
-120.0,5,42.12757
-120.0,5,42.132803
-120.0,5,42.138746
-120.0,5,42.144017
-120.0,5,42.150485
-95.0,5,42.154594
-120.0,5,42.158966
-120.0,5,42.163635
-120.0,5,42.170533
-120.0,5,42.177965
-120.0,5,42.183948
-120.0,5,42.189077
-120.0,5,42.195709
-120.0,5,42.201067
-120.0,5,42.20635
-120.0,5,42.215104
-120.0,5,42.225267
-120.0,5,42.230659
-120.0,5,42.236281
-120.0,5,42.241293
-120.0,5,42.250647
-120.0,5,42.255895
-120.0,5,42.260459
-120.0,5,42.2651
-120.0,5,42.271758
-95.0,5,42.275764
-120.0,5,42.280077
-120.0,5,42.284804
-120.0,5,42.291316
-120.0,5,42.295551
-120.0,5,42.302032
-120.0,5,42.306975
-120.0,5,42.313722
-120.0,5,42.319421
-120.0,5,42.325126
-120.0,5,42.331245
-120.0,5,42.343297
-120.0,5,42.349445
-120.0,5,42.356238
-120.0,5,42.362065
-120.0,5,42.373973
-120.0,5,42.37958
-120.0,5,42.385329
-120.0,5,42.391151
-120.0,5,42.398283
-120.0,5,42.403762
-120.0,5,42.408476
-120.0,5,42.41312
-120.0,5,42.420102
-120.0,5,42.425112
-120.0,5,42.431365
-120.0,5,42.436416
-120.0,5,42.443398
-120.0,5,42.448998
-120.0,5,42.455277
-120.0,5,42.46053
-120.0,5,42.470252
-120.0,5,42.477773
-120.0,5,42.483881
-120.0,5,42.492414
-120.0,5,42.504419
-120.0,5,42.511973
-120.0,5,42.51796
-120.0,5,42.523301
-120.0,5,42.531367
-120.0,5,42.538441
-120.0,5,42.544424
-120.0,5,42.549603
-120.0,5,42.560907
-120.0,5,42.569511
-120.0,5,42.577159
-120.0,5,42.582758
-120.0,5,42.592136
-120.0,5,42.598132
-120.0,5,42.604001
-120.0,5,42.609651
-120.0,5,42.617178
-120.0,5,42.621708
-95.0,5,42.627992
-120.0,5,42.636759
-120.0,5,42.646263
-120.0,5,42.652982
-120.0,5,42.658701
-120.0,5,42.663857
-120.0,5,42.671428
-120.0,5,42.676045
-120.0,5,42.680832
-120.0,5,42.685517
-120.0,5,42.692149
-120.0,5,42.696624
-120.0,5,42.70423
-95.0,5,42.709826
-120.0,5,42.717227
-120.0,5,42.721889
-120.0,5,42.726633
-120.0,5,42.731184
-120.0,5,42.738586
-120.0,5,42.743011
-120.0,5,42.747972
-95.0,5,42.751939
-120.0,5,42.760257
-120.0,5,42.765362
-120.0,5,42.770118
-95.0,5,42.774359
-120.0,5,42.780544
-120.0,5,42.785094
-120.0,5,42.792074
-120.0,5,42.801292
-120.0,5,42.810248
-120.0,5,42.816033
-120.0,5,42.821812
-120.0,5,42.827365
-120.0,5,42.834759
-120.0,5,42.840674
-120.0,5,42.845586
-120.0,5,42.851031
-120.0,5,42.86364
-120.0,5,42.870309
-120.0,5,42.876585
-120.0,5,42.881951
-120.0,5,42.890872
-120.0,5,42.897642
-120.0,5,42.903134
-120.0,5,42.907896
-120.0,5,42.914772
-120.0,5,42.919648
-120.0,5,42.924461
-120.0,5,42.929153
-95.0,5,42.935894
-120.0,5,42.940544
-120.0,5,42.946641
-120.0,5,42.951542
-120.0,5,42.95865
-120.0,5,42.963544
-120.0,5,42.968251
-120.0,5,42.972806
-120.0,5,42.979328
-120.0,5,42.983808
-120.0,5,42.988569
-120.0,5,42.993074
-120.0,5,43.001541
-120.0,5,43.00624
-120.0,5,43.011214
-120.0,5,43.016032
-120.0,5,43.022929
-120.0,5,43.027379
-120.0,5,43.032164
-95.0,5,43.036399
-120.0,5,43.043035
-120.0,5,43.049957
-120.0,5,43.05713
-95.0,5,43.062316
-95.0,5,43.069192
-120.0,5,43.073119
-120.0,5,43.077651
-120.0,5,43.082189
-120.0,5,43.088818
-120.0,5,43.093065
-120.0,5,43.098028
-120.0,5,43.10284
-120.0,5,43.111381
-120.0,5,43.118961
-120.0,5,43.127523
-120.0,5,43.136857
-120.0,5,43.147432
-120.0,5,43.154173
-120.0,5,43.160486
-120.0,5,43.166068
-120.0,5,43.173949
-120.0,5,43.180089
-120.0,5,43.186727
-120.0,5,43.192331
-120.0,5,43.199457
-120.0,5,43.20436
-120.0,5,43.208954
-120.0,5,43.213611
-70.0,5,43.219773
-120.0,5,43.22616
-120.0,5,43.231089
-120.0,5,43.235909
-120.0,5,43.24673
-95.0,5,43.252586
-120.0,5,43.258269
-120.0,5,43.26317
-120.0,5,43.271711
-120.0,5,43.276498
-120.0,5,43.281329
-120.0,5,43.28603
-120.0,5,43.292932
-120.0,5,43.297659
-120.0,5,43.304863
-120.0,5,43.309998
-120.0,5,43.317073
-120.0,5,43.321372
-120.0,5,43.326582
-120.0,5,43.331358
-120.0,5,43.338019
-120.0,5,43.342674
-120.0,5,43.347425
-120.0,5,43.352445
-120.0,5,43.361138
-120.0,5,43.366365
-95.0,5,43.370735
-120.0,5,43.375294
-120.0,5,43.381621
-120.0,5,43.38634
-120.0,5,43.391063
-120.0,5,43.395204
-120.0,5,43.402065
-120.0,5,43.40681
-120.0,5,43.412648
-120.0,5,43.418439
-120.0,5,43.425742
-120.0,5,43.430326
-120.0,5,43.434886
-120.0,5,43.439136
-120.0,5,43.445741
-120.0,5,43.449963
-120.0,5,43.454741
-120.0,5,43.459513
-120.0,5,43.469988
-120.0,5,43.47474
-120.0,5,43.47958
-120.0,5,43.484582
-120.0,5,43.491009
-120.0,5,43.495519
-120.0,5,43.500438
-120.0,5,43.504963
-120.0,5,43.511775
-120.0,5,43.517982
-120.0,5,43.524097
-120.0,5,43.529554
-120.0,5,43.537097
-120.0,5,43.541991
-120.0,5,43.546538
-120.0,5,43.551342
-120.0,5,43.55812
-120.0,5,43.562477
-120.0,5,43.567346
-120.0,5,43.571981
-120.0,5,43.581194
-120.0,5,43.585922
-120.0,5,43.590458
-120.0,5,43.595087
-120.0,5,43.601569
-95.0,5,43.605779
-120.0,5,43.610292
-120.0,5,43.614928
-120.0,5,43.622651
-120.0,5,43.627333
-120.0,5,43.633838
-120.0,5,43.63895
-120.0,5,43.645491
-120.0,5,43.650105
-120.0,5,43.655226
-120.0,5,43.659955
-120.0,5,43.666661
-120.0,5,43.671205
-120.0,5,43.676022
-120.0,5,43.68024
-120.0,5,43.687282
-120.0,5,43.692953
-120.0,5,43.697544
-120.0,5,43.70194
-120.0,5,43.708385
-120.0,5,43.712967
-120.0,5,43.717231
-120.0,5,43.721775
-120.0,5,43.728503
-120.0,5,43.733317
-120.0,5,43.739088
-120.0,5,43.744252
-120.0,5,43.751576
-120.0,5,43.757809
-120.0,5,43.763854
-120.0,5,43.769285
-120.0,5,43.77595
-120.0,5,43.780876
-120.0,5,43.786152
-120.0,5,43.790819
-120.0,5,43.80082
-120.0,5,43.806515
-95.0,5,43.810877
-120.0,5,43.816249
-120.0,5,43.822961
-95.0,5,43.827137
-120.0,5,43.831637
-120.0,5,43.836317
-120.0,5,43.845526
-120.0,5,43.852704
-95.0,5,43.857688
-120.0,5,43.862266
-120.0,5,43.869675
-120.0,5,43.875433
-120.0,5,43.880278
-120.0,5,43.885262
-120.0,5,43.891874
-120.0,5,43.896095
-120.0,5,43.90121
-120.0,5,43.905413
-120.0,5,43.914555
-120.0,5,43.919987
-120.0,5,43.924771
-120.0,5,43.929337
-120.0,5,43.936293
-120.0,5,43.940882
-120.0,5,43.946346
-120.0,5,43.95064
-120.0,5,43.95768
-120.0,5,43.963137
-120.0,5,43.970966
-120.0,5,43.976068
-120.0,5,43.982898
-120.0,5,43.987491
-120.0,5,43.992142
-120.0,5,43.997039
-120.0,5,44.003894
-120.0,5,44.008528
-120.0,5,44.013319
-120.0,5,44.017847
-120.0,5,44.02635
-120.0,5,44.030757
-120.0,5,44.035589
-120.0,5,44.040311
-120.0,5,44.046988
-120.0,5,44.051529
-120.0,5,44.05608
-120.0,5,44.06068
-120.0,5,44.068065
-120.0,5,44.073258
-120.0,5,44.07908
-120.0,5,44.084604
-120.0,5,44.091313
-120.0,5,44.095851
-120.0,5,44.101204
-120.0,5,44.105838
-120.0,5,44.112511
-120.0,5,44.116851
-120.0,5,44.121605
-95.0,5,44.125902
-120.0,5,44.134817
-120.0,5,44.139868
-120.0,5,44.144523
-120.0,5,44.149074
-120.0,5,44.157367
-120.0,5,44.162688
-120.0,5,44.167446
-120.0,5,44.172071
-120.0,5,44.178713
-120.0,5,44.18349
-95.0,5,44.18898
-120.0,5,44.194355
-120.0,5,44.201283
-95.0,5,44.205523
-120.0,5,44.210113
-120.0,5,44.214932
-120.0,5,44.221609
-120.0,5,44.226165
-120.0,5,44.230901
-120.0,5,44.235418
-120.0,5,44.24436
-120.0,5,44.249873
-120.0,5,44.254254
-95.0,5,44.258436
-120.0,5,44.264956
-120.0,5,44.269458
-120.0,5,44.273633
-120.0,5,44.278164
-120.0,5,44.284759
-120.0,5,44.289306
-120.0,5,44.295636
-120.0,5,44.300471
-120.0,5,44.308247
-120.0,5,44.314194
-120.0,5,44.318579
-120.0,5,44.322939
-120.0,5,44.329427
-120.0,5,44.334354
-120.0,5,44.339458
-120.0,5,44.344625
-120.0,5,44.356637
-120.0,5,44.362252
-120.0,5,44.367851
-120.0,5,44.37394
-120.0,5,44.380961
-120.0,5,44.385699
-95.0,5,44.389745
-120.0,5,44.394399
-120.0,5,44.401578
-120.0,5,44.406628
-120.0,5,44.413126
-120.0,5,44.417794
-120.0,5,44.424127
-120.0,5,44.428594
-120.0,5,44.433153
-95.0,5,44.437665
-120.0,5,44.444588
-120.0,5,44.450023
-120.0,5,44.455178
-120.0,5,44.459824
-120.0,5,44.46825
-120.0,5,44.47289
-120.0,5,44.477496
-120.0,5,44.482042
-120.0,5,44.488536
-120.0,5,44.492696
-120.0,5,44.497024
-120.0,5,44.501559
-120.0,5,44.508273
-120.0,5,44.513006
-120.0,5,44.519679
-120.0,5,44.524957
-120.0,5,44.532254
-120.0,5,44.536639
-120.0,5,44.541441
-120.0,5,44.545981
-120.0,5,44.552158
-120.0,5,44.5567
-120.0,5,44.561453
-120.0,5,44.56568
-120.0,5,44.573573
-95.0,5,44.578235
-120.0,5,44.582936
-120.0,5,44.587481
-120.0,5,44.593922
-120.0,5,44.598398
-120.0,5,44.60295
-120.0,5,44.607476
-120.0,5,44.614366
-95.0,5,44.618896
-120.0,5,44.625292
-120.0,5,44.630289
-120.0,5,44.637116
-120.0,5,44.642439
-120.0,5,44.647532
-120.0,5,44.652963
-120.0,5,44.660868
-120.0,5,44.666783
-120.0,5,44.67329
-95.0,5,44.678293
-120.0,5,44.687882
-120.0,5,44.69359
-120.0,5,44.698347
-120.0,5,44.702924
-120.0,5,44.709544
-120.0,5,44.714146
-120.0,5,44.718718
-120.0,5,44.723346
-120.0,5,44.730088
-120.0,5,44.734738
-120.0,5,44.740274
-120.0,5,44.745597
-120.0,5,44.752385
-120.0,5,44.757091
-120.0,5,44.761451
-120.0,5,44.765915
-120.0,5,44.772409
-120.0,5,44.776871
-120.0,5,44.781529
-120.0,5,44.786064
-120.0,5,44.794939
-120.0,5,44.80043
-95.0,5,44.804903
-120.0,5,44.809415
-120.0,5,44.816089
-120.0,5,44.820624
-120.0,5,44.825166
-120.0,5,44.829687
-120.0,5,44.836128
-120.0,5,44.840643
-120.0,5,44.846664
-120.0,5,44.851736
-120.0,5,44.857964
-120.0,5,44.862462
-120.0,5,44.86669
-120.0,5,44.871225
-120.0,5,44.877661
-120.0,5,44.882127
-120.0,5,44.886859
-120.0,5,44.89099
-120.0,5,44.89904
-120.0,5,44.90336
-120.0,5,44.907657
-120.0,5,44.911983
-120.0,5,44.918685
-120.0,5,44.92328
-120.0,5,44.927976
-120.0,5,44.932759
-120.0,5,44.939912
-120.0,5,44.944616
-120.0,5,44.9516
-120.0,5,44.957051
-120.0,5,44.964684
-120.0,5,44.969549
-120.0,5,44.974867
-120.0,5,44.979785
-120.0,5,44.986474
-120.0,5,44.991043
-120.0,5,44.995745
-120.0,5,45.000375
-120.0,5,45.009565
-95.0,5,45.013962
-120.0,5,45.019006
-120.0,5,45.02366
-120.0,5,45.030542
-120.0,5,45.03523
-120.0,5,45.039882
-120.0,5,45.045267
-120.0,5,45.05602
-120.0,5,45.062516
-120.0,5,45.068718
-120.0,5,45.074794
-120.0,5,45.081426
-120.0,5,45.086208
-120.0,5,45.090556
-120.0,5,45.095194
-120.0,5,45.101277
-120.0,5,45.105811
-95.0,5,45.110209
-120.0,5,45.114725
-120.0,5,45.122635
-120.0,5,45.127704
-120.0,5,45.132369
-120.0,5,45.136991
-120.0,5,45.143374
-120.0,5,45.147908
-120.0,5,45.152803
-120.0,5,45.157777
-95.0,5,45.164332
-120.0,5,45.169042
-120.0,5,45.175472
-120.0,5,45.180251
-120.0,5,45.186852
-120.0,5,45.191384
-120.0,5,45.195847
-120.0,5,45.200122
-120.0,5,45.206372
-120.0,5,45.211015
-120.0,5,45.215981
-120.0,5,45.220749
-120.0,5,45.231068
-120.0,5,45.238775
-120.0,5,45.246278
-120.0,5,45.252584
-120.0,5,45.262135
-120.0,5,45.270106
-120.0,5,45.276221
-120.0,5,45.281728
-120.0,5,45.289252
-120.0,5,45.294682
-120.0,5,45.300989
-95.0,5,45.305552
-120.0,5,45.312297
-120.0,5,45.317133
-120.0,5,45.321776
-120.0,5,45.326095
-120.0,5,45.332399
-120.0,5,45.337668
-120.0,5,45.344702
-120.0,5,45.354689
-120.0,5,45.367177
-120.0,5,45.375128
-120.0,5,45.380531
-95.0,5,45.386064
-120.0,5,45.392755
-120.0,5,45.397472
-120.0,5,45.40257
-120.0,5,45.407349
-120.0,5,45.418354
-120.0,5,45.42724
-120.0,5,45.433591
-120.0,5,45.439794
-120.0,5,45.448282
-95.0,5,45.455755
-120.0,5,45.462949
-120.0,5,45.469964
-120.0,5,45.478523
-120.0,5,45.484324
-120.0,5,45.489714
-120.0,5,45.496466
-120.0,5,45.509837
-120.0,5,45.515577
-120.0,5,45.521782
-120.0,5,45.527355
-120.0,5,45.534934
-120.0,5,45.539991
-120.0,5,45.544818
-120.0,5,45.549814
-120.0,5,45.557874
-120.0,5,45.564317
-120.0,5,45.571968
-120.0,5,45.578256
-120.0,5,45.585699
-120.0,5,45.590865
-120.0,5,45.595973
-95.0,5,45.601717
-120.0,5,45.614121
-120.0,5,45.622635
-120.0,5,45.629227
-120.0,5,45.635602
-120.0,5,45.643954
-120.0,5,45.649267
-120.0,5,45.655423
-120.0,5,45.661108
-120.0,5,45.668815
-120.0,5,45.674239
-120.0,5,45.679382
-120.0,5,45.684306
-120.0,5,45.691181
-120.0,5,45.695733
-120.0,5,45.702666
-120.0,5,45.708786
-120.0,5,45.71904
-120.0,5,45.728079
-120.0,5,45.734529
-120.0,5,45.742903
-120.0,5,45.751766
-120.0,5,45.758037
-120.0,5,45.76357
-120.0,5,45.769335
-120.0,5,45.77917
-120.0,5,45.783707
-120.0,5,45.788417
-120.0,5,45.793333
-120.0,5,45.800206
-120.0,5,45.804547
-120.0,5,45.809328
-120.0,5,45.814084
-120.0,5,45.820747
-120.0,5,45.829012
-120.0,5,45.837044
-120.0,5,45.843096
-120.0,5,45.850727
-120.0,5,45.858448
-120.0,5,45.865433
-120.0,5,45.872283
-120.0,5,45.881013
-120.0,5,45.88742
-120.0,5,45.893249
-120.0,5,45.898537
-120.0,5,45.907613
-120.0,5,45.914011
-120.0,5,45.919771
-120.0,5,45.924737
-120.0,5,45.932505
-120.0,5,45.93778
-120.0,5,45.942286
-120.0,5,45.946564
-120.0,5,45.956784
-120.0,5,45.962945
-120.0,5,45.969351
-120.0,5,45.974694
-120.0,5,45.981918
-120.0,5,45.987024
-120.0,5,45.991702
-120.0,5,45.996016
-120.0,5,46.002822
-120.0,5,46.007303
-120.0,5,46.012179
-120.0,5,46.016834
-120.0,5,46.024873
-120.0,5,46.029752
-120.0,5,46.034604
-120.0,5,46.040117
-120.0,5,46.051212
-120.0,5,46.059364
-120.0,5,46.064891
-120.0,5,46.072623
-120.0,5,46.081679
-120.0,5,46.089041
-120.0,5,46.09507
-120.0,5,46.101812
-120.0,5,46.111794
-120.0,5,46.117872
-120.0,5,46.12289
-120.0,5,46.127967
-95.0,5,46.134608
-120.0,5,46.139379
-120.0,5,46.144412
-120.0,5,46.148986
-120.0,5,46.157989
-120.0,5,46.163511
-120.0,5,46.168487
-120.0,5,46.173135
-120.0,5,46.179589
-120.0,5,46.18515
-120.0,5,46.189988
-120.0,5,46.194491
-120.0,5,46.201803
-120.0,5,46.206709
-120.0,5,46.213081
-120.0,5,46.217241
-120.0,5,46.22522
-120.0,5,46.230063
-120.0,5,46.234949
-120.0,5,46.239826
-120.0,5,46.246455
-120.0,5,46.250995
-95.0,5,46.255217
-120.0,5,46.260016
-120.0,5,46.269335
-120.0,5,46.275047
-120.0,5,46.279965
-120.0,5,46.284327
-120.0,5,46.290766
-120.0,5,46.295301
-95.0,5,46.2995
-120.0,5,46.303684
-120.0,5,46.310672
-120.0,5,46.315211
-120.0,5,46.320034
-120.0,5,46.326289
-120.0,5,46.332962
-120.0,5,46.337711
-120.0,5,46.342325
-120.0,5,46.346841
-120.0,5,46.353359
-120.0,5,46.357893
-120.0,5,46.362627
-120.0,5,46.367275
-120.0,5,46.376248
-120.0,5,46.38059
-120.0,5,46.385316
-120.0,5,46.390389
-120.0,5,46.397144
-120.0,5,46.40188
-95.0,5,46.406428
-120.0,5,46.411184
-120.0,5,46.418842
-120.0,5,46.425614
-120.0,5,46.432931
-120.0,5,46.438718
-120.0,5,46.445789
-120.0,5,46.45034
-120.0,5,46.454901
-120.0,5,46.459485
-120.0,5,46.469732
-120.0,5,46.475093
-120.0,5,46.48024
-120.0,5,46.48529
-120.0,5,46.493591
-120.0,5,46.499376
-120.0,5,46.504273
-120.0,5,46.508917
-120.0,5,46.51596
-120.0,5,46.520049
-120.0,5,46.524608
-120.0,5,46.529327
-120.0,5,46.536436
-120.0,5,46.541117
-120.0,5,46.547499
-120.0,5,46.55213
-120.0,5,46.558506
-120.0,5,46.563139
-120.0,5,46.567767
-120.0,5,46.572306
-120.0,5,46.578744
-120.0,5,46.584264
-120.0,5,46.59073
-120.0,5,46.595905
-120.0,5,46.604501
-120.0,5,46.609296
-120.0,5,46.613218
-120.0,5,46.617616
-120.0,5,46.624512
-120.0,5,46.629123
-120.0,5,46.633652
-120.0,5,46.638226
-120.0,5,46.644858
-120.0,5,46.649567
-120.0,5,46.655461
-120.0,5,46.66126
-120.0,5,46.668295
-120.0,5,46.672659
-120.0,5,46.677354
-120.0,5,46.681944
-95.0,5,46.688149
-120.0,5,46.69412
-120.0,5,46.699546
-120.0,5,46.70457
-120.0,5,46.713894
-120.0,5,46.719162
-120.0,5,46.72407
-120.0,5,46.728878
-120.0,5,46.735537
-120.0,5,46.740908
-120.0,5,46.745658
-120.0,5,46.750349
-120.0,5,46.757168
-120.0,5,46.762156
-120.0,5,46.76902
-120.0,5,46.773427
-120.0,5,46.779874
-120.0,5,46.784385
-120.0,5,46.789935
-120.0,5,46.795772
-120.0,5,46.802875
-120.0,5,46.807456
-120.0,5,46.81233
-120.0,5,46.816899
-120.0,5,46.825187
-120.0,5,46.830258
-120.0,5,46.83473
-120.0,5,46.839205
-120.0,5,46.845716
-120.0,5,46.849615
-120.0,5,46.85399
-120.0,5,46.859028
-120.0,5,46.865857
-120.0,5,46.870475
-120.0,5,46.87755
-120.0,5,46.883198
-95.0,5,46.88946
-120.0,5,46.894065
-120.0,5,46.898787
-120.0,5,46.903406
-95.0,5,46.909445
-120.0,5,46.913982
-120.0,5,46.918786
-120.0,5,46.922601
-120.0,5,46.93066
-120.0,5,46.935766
-120.0,5,46.940428
-120.0,5,46.944954
-120.0,5,46.951381
-120.0,5,46.956432
-120.0,5,46.964468
-120.0,5,46.970924
-95.0,5,46.978572
-120.0,5,46.984069
-120.0,5,46.990332
-70.0,5,46.995502
-70.0,5,47.002188
-120.0,5,47.006584
-120.0,5,47.011329
-95.0,5,47.01577
-120.0,5,47.025149
-120.0,5,47.031471
-120.0,5,47.037229
-95.0,5,47.042295
-95.0,5,47.051513
-120.0,5,47.056691
-120.0,5,47.061117
-120.0,5,47.065639
-120.0,5,47.072191
-95.0,5,47.076704
-120.0,5,47.081443
-120.0,5,47.086046
-120.0,5,47.093389
-95.0,5,47.098461
-120.0,5,47.106226
-120.0,5,47.112033
-120.0,5,47.119566
-120.0,5,47.124063
-120.0,5,47.128683
-120.0,5,47.133314
-120.0,5,47.140304
-120.0,5,47.144984
-120.0,5,47.149786
-120.0,5,47.154315
-120.0,5,47.162726
-120.0,5,47.16776
-120.0,5,47.172523
-120.0,5,47.177054
-120.0,5,47.183711
-120.0,5,47.188771
-120.0,5,47.193481
-120.0,5,47.198829
-120.0,5,47.2064
-120.0,5,47.211454
-120.0,5,47.21779
-95.0,5,47.222301
-120.0,5,47.228729
-120.0,5,47.233299
-95.0,5,47.237498
-120.0,5,47.242031
-120.0,5,47.248554
-120.0,5,47.253017
-120.0,5,47.257675
-120.0,5,47.26217
-120.0,5,47.269556
-120.0,5,47.275542
-120.0,5,47.280304
-120.0,5,47.284737
-120.0,5,47.291372
-120.0,5,47.295946
-120.0,5,47.300467
-120.0,5,47.304972
-120.0,5,47.311911
-120.0,5,47.31679
-120.0,5,47.323059
-120.0,5,47.328298
-95.0,5,47.333606
-120.0,5,47.338421
-120.0,5,47.34327
-120.0,5,47.34815
-120.0,5,47.354934
-120.0,5,47.359735
-120.0,5,47.364786
-120.0,5,47.369292
-120.0,5,47.37799
-120.0,5,47.382732
-120.0,5,47.387393
-120.0,5,47.392265
-120.0,5,47.399486
-120.0,5,47.40423
-120.0,5,47.40895
-120.0,5,47.414052
-120.0,5,47.42119
-120.0,5,47.426245
-120.0,5,47.433245
-120.0,5,47.439912
-120.0,5,47.447267
-120.0,5,47.452068
-120.0,5,47.456578
-120.0,5,47.461111
-120.0,5,47.467979
-120.0,5,47.472476
-120.0,5,47.477335
-120.0,5,47.481483
-120.0,5,47.489164
-120.0,5,47.494472
-120.0,5,47.499365
-120.0,5,47.504307
-95.0,5,47.510616
-95.0,5,47.515123
-95.0,5,47.519331
-120.0,5,47.523854
-120.0,5,47.530442
-95.0,5,47.534282
-120.0,5,47.540548
-120.0,5,47.545689
-120.0,5,47.552592
-120.0,5,47.55685
-120.0,5,47.56138
-120.0,5,47.565586
-120.0,5,47.572176
-120.0,5,47.576703
-120.0,5,47.581395
-120.0,5,47.585969
-120.0,5,47.595335
-120.0,5,47.601169
-120.0,5,47.606204
-120.0,5,47.610854
-120.0,5,47.617562
-120.0,5,47.621546
-120.0,5,47.626158
-120.0,5,47.630435
-120.0,5,47.637566
-120.0,5,47.642245
-120.0,5,47.648939
-120.0,5,47.654589
-120.0,5,47.66174
-120.0,5,47.666235
-95.0,5,47.670813
-120.0,5,47.675423
-95.0,5,47.681919
-120.0,5,47.686084
-95.0,5,47.690424
-70.0,5,47.695376
-70.0,5,47.704303
-70.0,5,47.709028
-95.0,5,47.713604
-70.0,5,47.718457
-120.0,5,47.724553
-70.0,5,47.729119
-70.0,5,47.733665
-70.0,5,47.738197
-95.0,5,47.744763
-70.0,5,47.749398
-70.0,5,47.754361
-70.0,5,47.760573
-70.0,5,47.767575
-70.0,5,47.771842
-70.0,5,47.776399
-70.0,5,47.780916
-95.0,5,47.787047
-70.0,5,47.79157
-70.0,5,47.796395
-70.0,5,47.801054
-70.0,5,47.810389
-70.0,5,47.816118
-70.0,5,47.821355
-70.0,5,47.826156
-70.0,5,47.832721
-70.0,5,47.836929
-70.0,5,47.841551
-70.0,5,47.846124
-70.0,5,47.852807
-70.0,5,47.857593
-70.0,5,47.864208
-70.0,5,47.869626
-70.0,5,47.876278
-70.0,5,47.880901
-70.0,5,47.885419
-70.0,5,47.88995
-70.0,5,47.896428
-70.0,5,47.900639
-70.0,5,47.905506
-70.0,5,47.910141
-70.0,5,47.919689
-70.0,5,47.925565
-70.0,5,47.930626
-70.0,5,47.935213
-70.0,5,47.941783
-70.0,5,47.946476
-70.0,5,47.951134
-70.0,5,47.956458
-70.0,5,47.968693
-70.0,5,47.975218
-70.0,5,47.980352
-70.0,5,47.98568
-70.0,5,47.992635
-70.0,5,47.997733
-70.0,5,48.004396
-70.0,5,48.011418
-70.0,5,48.022184
-70.0,5,48.027632
-70.0,5,48.03335
-70.0,5,48.038639
-70.0,5,48.047233
-70.0,5,48.052087
-70.0,5,48.056927
-70.0,5,48.061528
-70.0,5,48.06914
-70.0,5,48.073846
-70.0,5,48.078192
-70.0,5,48.082893
-70.0,5,48.089546
-70.0,5,48.094229
-95.0,5,48.100979
-70.0,5,48.10609
-70.0,5,48.112529
-70.0,5,48.117325
-70.0,5,48.121794
-70.0,5,48.126322
-70.0,5,48.132861
-70.0,5,48.137125
-70.0,5,48.141663
-70.0,5,48.145968
-70.0,5,48.154211
-70.0,5,48.160627
-70.0,5,48.165807
-70.0,5,48.170425
-70.0,5,48.17679
-70.0,5,48.182692
-70.0,5,48.188457
-70.0,5,48.193134
-70.0,5,48.199852
-70.0,5,48.204502
-70.0,5,48.210965
-70.0,5,48.215808
-70.0,5,48.222228
-70.0,5,48.226771
-70.0,5,48.231504
-70.0,5,48.23602
-70.0,5,48.24251
-70.0,5,48.247039
-70.0,5,48.251766
-70.0,5,48.256283
-70.0,5,48.264483
-70.0,5,48.270213
-70.0,5,48.2751
-70.0,5,48.279619
-70.0,5,48.286132
-70.0,5,48.290648
-70.0,5,48.295216
-70.0,5,48.299949
-70.0,5,48.307035
-70.0,5,48.311018
-70.0,5,48.31744
-70.0,5,48.322648
-70.0,5,48.330011
-70.0,5,48.336601
-70.0,5,48.342288
-70.0,5,48.346948
-70.0,5,48.353449
-70.0,5,48.358156
-70.0,5,48.363322
-70.0,5,48.368164
-95.0,5,48.376654
-70.0,5,48.381264
-70.0,5,48.386354
-70.0,5,48.390561
-70.0,5,48.397161
-70.0,5,48.401803
-70.0,5,48.406325
-70.0,5,48.410855
-70.0,5,48.417391
-70.0,5,48.421873
-70.0,5,48.428375
-70.0,5,48.433329
-70.0,5,48.440709
-70.0,5,48.445262
-70.0,5,48.449635
-70.0,5,48.4541
-70.0,5,48.460939
-70.0,5,48.465643
-70.0,5,48.470507
-70.0,5,48.47503
-70.0,5,48.484259
-70.0,5,48.489909
-70.0,5,48.495073
-70.0,5,48.499747
-70.0,5,48.507916
-70.0,5,48.513105
-70.0,5,48.517802
-70.0,5,48.522425
-70.0,5,48.529157
-70.0,5,48.534675
-70.0,5,48.541733
-70.0,5,48.547132
-70.0,5,48.553626
-70.0,5,48.558003
-70.0,5,48.562524
-70.0,5,48.56717
-70.0,5,48.573372
-70.0,5,48.577825
-70.0,5,48.582278
-70.0,5,48.586796
-70.0,5,48.595118
-70.0,5,48.600186
-70.0,5,48.605633
-70.0,5,48.610134
-70.0,5,48.617052
-70.0,5,48.62193
-70.0,5,48.626728
-70.0,5,48.631991
-70.0,5,48.638853
-70.0,5,48.643509
-70.0,5,48.650402
-70.0,5,48.65519
-70.0,5,48.661392
-95.0,5,48.665952
-70.0,5,48.671295
-70.0,5,48.676274
-70.0,5,48.682866
-70.0,5,48.6874
-70.0,5,48.692185
-70.0,5,48.69685
-70.0,5,48.704048
-70.0,5,48.710109
-70.0,5,48.714688
-70.0,5,48.719377
-70.0,5,48.725914
-70.0,5,48.730532
-70.0,5,48.735178
-70.0,5,48.740528
-70.0,5,48.74729
-70.0,5,48.751671
-70.0,5,48.758002
-70.0,5,48.762438
-70.0,5,48.770846
-70.0,5,48.776334
-70.0,5,48.78129
-70.0,5,48.785806
-70.0,5,48.792542
-70.0,5,48.797124
-70.0,5,48.802064
-70.0,5,48.80664
-70.0,5,48.815564
-95.0,5,48.821527
-70.0,5,48.826972
-70.0,5,48.831837
-70.0,5,48.838315
-70.0,5,48.843392
-95.0,5,48.848976
-70.0,5,48.854751
-70.0,5,48.861896
-70.0,5,48.866742
-70.0,5,48.872584
-70.0,5,48.877721
-70.0,5,48.88421
-70.0,5,48.888776
-70.0,5,48.893112
-70.0,5,48.897681
-70.0,5,48.904334
-70.0,5,48.909459
-70.0,5,48.914513
-70.0,5,48.919024
-70.0,5,48.927654
-70.0,5,48.932889
-70.0,5,48.939428
-70.0,5,48.946177
-70.0,5,48.958141
-70.0,5,48.963663
-95.0,5,48.973608
-70.0,5,48.98079
-70.0,5,48.992498
-70.0,5,48.997525
-70.0,5,49.0034
-70.0,5,49.00927
-70.0,5,49.016958
-95.0,5,49.021343
-70.0,5,49.0262
-70.0,5,49.03062
-70.0,5,49.036609
-70.0,5,49.042283
-70.0,5,49.047794
-95.0,5,49.053166
-70.0,5,49.064403
-70.0,5,49.073444
-70.0,5,49.080295
-70.0,5,49.087477
-70.0,5,49.098958
-70.0,5,49.108078
-70.0,5,49.113801
-70.0,5,49.121247
-70.0,5,49.129427
-70.0,5,49.135401
-70.0,5,49.141055
-70.0,5,49.1465
-70.0,5,49.155018
-70.0,5,49.160096
-70.0,5,49.168158
-70.0,5,49.177168
-70.0,5,49.187381
-70.0,5,49.193336
-70.0,5,49.199084
-70.0,5,49.20439
-70.0,5,49.213293
-70.0,5,49.219502
-70.0,5,49.224397
-70.0,5,49.229063
-70.0,5,49.237369
-70.0,5,49.242122
-70.0,5,49.247079
-70.0,5,49.251693
-70.0,5,49.2596
-70.0,5,49.26627
-70.0,5,49.272118
-70.0,5,49.276963
-70.0,5,49.283972
-70.0,5,49.28863
-70.0,5,49.293172
-70.0,5,49.297439
-70.0,5,49.303882
-70.0,5,49.308408
-70.0,5,49.313251
-70.0,5,49.31784
-70.0,5,49.325753
-70.0,5,49.330431
-70.0,5,49.33517
-70.0,5,49.3397
-70.0,5,49.346516
-70.0,5,49.351289
-70.0,5,49.355963
-70.0,5,49.360935
-70.0,5,49.367908
-70.0,5,49.372562
-70.0,5,49.380052
-70.0,5,49.385873
-70.0,5,49.392813
-70.0,5,49.398972
-70.0,5,49.405044
-70.0,5,49.410864
-70.0,5,49.417523
-70.0,5,49.422796
-70.0,5,49.427621
-70.0,5,49.431923
-70.0,5,49.440124
-95.0,5,49.444626
-70.0,5,49.449178
-70.0,5,49.453759
-70.0,5,49.459979
-70.0,5,49.4649
-70.0,5,49.470026
-70.0,5,49.474614
-70.0,5,49.481686
-70.0,5,49.486488
-70.0,5,49.492712
-70.0,5,49.497359
-70.0,5,49.504104
-70.0,5,49.508922
-70.0,5,49.513861
-70.0,5,49.518973
-70.0,5,49.525665
-70.0,5,49.53037
-70.0,5,49.53522
-70.0,5,49.539792
-70.0,5,49.548458
-70.0,5,49.553291
-70.0,5,49.558061
-70.0,5,49.562634
-70.0,5,49.569399
-70.0,5,49.574047
-70.0,5,49.578322
-70.0,5,49.582939
-70.0,5,49.590271
-70.0,5,49.595882
-70.0,5,49.602083
-70.0,5,49.606943
-70.0,5,49.613522
-70.0,5,49.618131
-70.0,5,49.622691
-70.0,5,49.627217
-70.0,5,49.633688
-70.0,5,49.638226
-70.0,5,49.642284
-70.0,5,49.646832
-70.0,5,49.655295
-70.0,5,49.661608
-95.0,5,49.666351
-70.0,5,49.672073
-95.0,5,49.679098
-70.0,5,49.683699
-70.0,5,49.68796
-70.0,5,49.692647
-70.0,5,49.703178
-70.0,5,49.712024
-70.0,5,49.719683
-70.0,5,49.725826
-70.0,5,49.733842
-70.0,5,49.73905
-70.0,5,49.746782
-70.0,5,49.753689
-70.0,5,49.761989
-70.0,5,49.76803
-70.0,5,49.774232
-70.0,5,49.779579
-70.0,5,49.787975
-70.0,5,49.793668
-70.0,5,49.798803
-70.0,5,49.802676
-70.0,5,49.810179
-70.0,5,49.816123
-70.0,5,49.821012
-70.0,5,49.825723
-70.0,5,49.833143
-70.0,5,49.839278
-70.0,5,49.846953
-70.0,5,49.855397
-70.0,5,49.86529
-70.0,5,49.871776
-95.0,5,49.876861
-70.0,5,49.881701
-70.0,5,49.889043
-70.0,5,49.893834
-70.0,5,49.89872
-70.0,5,49.903402
-70.0,5,49.912663
-70.0,5,49.919304
-70.0,5,49.924138
-70.0,5,49.928878
-70.0,5,49.935336
-70.0,5,49.940121
-70.0,5,49.944731
-70.0,5,49.949464
-70.0,5,49.955893
-70.0,5,49.961135
-70.0,5,49.970606
-70.0,5,49.978194
-70.0,5,49.992051
-70.0,5,49.997535
-95.0,5,50.004064
-70.0,5,50.009576
-70.0,5,50.017556
-70.0,5,50.022643
-70.0,5,50.027843
-70.0,5,50.032683
-70.0,5,50.043557
-70.0,5,50.050197
-70.0,5,50.055591
-70.0,5,50.060893
-70.0,5,50.068474
-70.0,5,50.076647
-70.0,5,50.085245
-70.0,5,50.091349
-70.0,5,50.099364
-70.0,5,50.104675
-70.0,5,50.110541
-70.0,5,50.115659
-70.0,5,50.12398
-70.0,5,50.129119
-70.0,5,50.134717
-70.0,5,50.139486
-70.0,5,50.146226
-70.0,5,50.151269
-70.0,5,50.156205
-70.0,5,50.160752
-70.0,5,50.17039
-70.0,5,50.176201
-70.0,5,50.180732
-70.0,5,50.186259
-70.0,5,50.194003
-70.0,5,50.199474
-70.0,5,50.204889
-70.0,5,50.209706
-70.0,5,50.218204
-70.0,5,50.224075
-70.0,5,50.229558
-70.0,5,50.234595
-70.0,5,50.240948
-70.0,5,50.245886
-70.0,5,50.250358
-70.0,5,50.254926
-70.0,5,50.26135
-70.0,5,50.265908
-70.0,5,50.270163
-70.0,5,50.274672
-70.0,5,50.283783
-70.0,5,50.289349
-70.0,5,50.294251
-70.0,5,50.298944
-70.0,5,50.305393
-70.0,5,50.310041
-70.0,5,50.315055
-70.0,5,50.319207
-70.0,5,50.325721
-70.0,5,50.33026
-70.0,5,50.33513
-70.0,5,50.340595
-70.0,5,50.347186
-70.0,5,50.351849
-70.0,5,50.357265
-70.0,5,50.362967
-70.0,5,50.37022
-70.0,5,50.374774
-70.0,5,50.379604
-70.0,5,50.384059
-70.0,5,50.392191
-70.0,5,50.396851
-70.0,5,50.401231
-70.0,5,50.405683
-70.0,5,50.412019
-70.0,5,50.416868
-70.0,5,50.423548
-70.0,5,50.428683
-70.0,5,50.436235
-70.0,5,50.441653
-70.0,5,50.44763
-70.0,5,50.452618
-70.0,5,50.458791
-95.0,5,50.463195
-70.0,5,50.467698
-70.0,5,50.472405
-70.0,5,50.480227
-95.0,5,50.484682
-70.0,5,50.491026
-70.0,5,50.496307
-95.0,5,50.505512
-70.0,5,50.511141
-70.0,5,50.516058
-70.0,5,50.520963
-70.0,5,50.527375
-70.0,5,50.531132
-70.0,5,50.535605
-70.0,5,50.54028
-70.0,5,50.546845
-70.0,5,50.551742
-95.0,5,50.558321
-70.0,5,50.562654
-70.0,5,50.569198
-70.0,5,50.57382
-70.0,5,50.578248
-70.0,5,50.583238
-70.0,5,50.591716
-70.0,5,50.597067
-70.0,5,50.602086
-70.0,5,50.606541
-70.0,5,50.614844
-70.0,5,50.62044
-70.0,5,50.625653
-70.0,5,50.630425
-70.0,5,50.637117
-95.0,5,50.642521
-70.0,5,50.647303
-70.0,5,50.652053
-70.0,5,50.659213
-70.0,5,50.664015
-70.0,5,50.670529
-70.0,5,50.675583
-70.0,5,50.682247
-70.0,5,50.687151
-70.0,5,50.692242
-70.0,5,50.698645
-70.0,5,50.706481
-70.0,5,50.712185
-70.0,5,50.718443
-70.0,5,50.723965
-70.0,5,50.733209
-70.0,5,50.737758
-70.0,5,50.742814
-70.0,5,50.747865
-70.0,5,50.755113
-70.0,5,50.760231
-70.0,5,50.765395
-70.0,5,50.7703
-70.0,5,50.778368
-70.0,5,50.78603
-70.0,5,50.792086
-70.0,5,50.797089
-70.0,5,50.804687
-70.0,5,50.809075
-70.0,5,50.813609
-70.0,5,50.818255
-95.0,5,50.824429
-70.0,5,50.828644
-70.0,5,50.833363
-70.0,5,50.837568
-70.0,5,50.846108
-70.0,5,50.851071
-95.0,5,50.855088
-70.0,5,50.859691
-70.0,5,50.866464
-70.0,5,50.870994
-70.0,5,50.875481
-70.0,5,50.879886
-70.0,5,50.886619
-70.0,5,50.891649
-70.0,5,50.898107
-70.0,5,50.902302
-70.0,5,50.908283
-70.0,5,50.912831
-70.0,5,50.917251
-70.0,5,50.921859
-70.0,5,50.929139
-70.0,5,50.9337
-70.0,5,50.938538
-70.0,5,50.943016
-70.0,5,50.950846
-70.0,5,50.955627
-70.0,5,50.960186
-70.0,5,50.96471
-70.0,5,50.971118
-70.0,5,50.977752
-70.0,5,50.982993
-70.0,5,50.98781
-70.0,5,50.99481
-70.0,5,50.999582
-95.0,5,51.004623
-70.0,5,51.010066
-70.0,5,51.016647
-70.0,5,51.021185
-70.0,5,51.026011
-70.0,5,51.031169
-70.0,5,51.037708
-70.0,5,51.041712
-70.0,5,51.046639
-70.0,5,51.051395
-70.0,5,51.06055
-70.0,5,51.066113
-95.0,5,51.070528
-70.0,5,51.075151
-70.0,5,51.081963
-70.0,5,51.086774
-70.0,5,51.091511
-70.0,5,51.096381
-70.0,5,51.103462
-70.0,5,51.10846
-70.0,5,51.114865
-70.0,5,51.120047
-95.0,5,51.126315
-70.0,5,51.130576
-70.0,5,51.135251
-70.0,5,51.140361
-70.0,5,51.147346
-70.0,5,51.151648
-70.0,5,51.156575
-70.0,5,51.161278
-70.0,5,51.169719
-70.0,5,51.175125
-70.0,5,51.179989
-70.0,5,51.185208
-70.0,5,51.191379
-70.0,5,51.195756
-70.0,5,51.200755
-70.0,5,51.205258
-70.0,5,51.212226
-70.0,5,51.216933
-70.0,5,51.223073
-70.0,5,51.228604
-70.0,5,51.235243
-70.0,5,51.239496
-70.0,5,51.244763
-70.0,5,51.24955
-70.0,5,51.256214
-70.0,5,51.26101
-70.0,5,51.266112
-70.0,5,51.271036
-95.0,5,51.280011
-70.0,5,51.28532
-70.0,5,51.291279
-70.0,5,51.296234
-70.0,5,51.303381
-70.0,5,51.308048
-70.0,5,51.312689
-70.0,5,51.31711
-70.0,5,51.323787
-70.0,5,51.328996
-95.0,5,51.335535
-70.0,5,51.342131
-70.0,5,51.350896
-70.0,5,51.355981
-70.0,5,51.360621
-70.0,5,51.365094
-70.0,5,51.371687
-70.0,5,51.375892
-70.0,5,51.380571
-70.0,5,51.385024
-70.0,5,51.393298
-70.0,5,51.398183
-70.0,5,51.402819
-70.0,5,51.408075
-70.0,5,51.41699
-70.0,5,51.422413
-70.0,5,51.427157
-70.0,5,51.431666
-95.0,5,51.438143
-70.0,5,51.442949
-70.0,5,51.449534
-70.0,5,51.454697
-70.0,5,51.461269
-70.0,5,51.467438
-70.0,5,51.472995
-95.0,5,51.477822
-70.0,5,51.486939
-70.0,5,51.49198
-70.0,5,51.498559
-95.0,5,51.505157
-70.0,5,51.512564
-70.0,5,51.520622
-70.0,5,51.527993
-70.0,5,51.534174
-95.0,5,51.541548
-70.0,5,51.546582
-70.0,5,51.55181
-70.0,5,51.556674
-70.0,5,51.56364
-70.0,5,51.568488
-95.0,5,51.574487
-70.0,5,51.57934
-95.0,5,51.586647
-70.0,5,51.591492
-70.0,5,51.596791
-70.0,5,51.601448
-95.0,5,51.607919
-70.0,5,51.612631
-70.0,5,51.617413
-70.0,5,51.622198
-70.0,5,51.63148
-70.0,5,51.637302
-70.0,5,51.642194
-70.0,5,51.647187
-70.0,5,51.653598
-70.0,5,51.658426
-70.0,5,51.663506
-70.0,5,51.668033
-70.0,5,51.674659
-95.0,5,51.679018
-70.0,5,51.684865
-70.0,5,51.689688
-70.0,5,51.696159
-70.0,5,51.700861
-70.0,5,51.705343
-70.0,5,51.710444
-95.0,5,51.717232
-70.0,5,51.721976
-70.0,5,51.727031
-70.0,5,51.731667
-70.0,5,51.740659
-70.0,5,51.745621
-70.0,5,51.750408
-70.0,5,51.754951
-70.0,5,51.761328
-70.0,5,51.765622
-70.0,5,51.770166
-70.0,5,51.774378
-70.0,5,51.781366
-70.0,5,51.786403
-70.0,5,51.792585
-70.0,5,51.797982
-95.0,5,51.80436
-70.0,5,51.808909
-70.0,5,51.814772
-95.0,5,51.819872
-70.0,5,51.827213
-70.0,5,51.831819
-70.0,5,51.836508
-70.0,5,51.841021
-70.0,5,51.851021
-95.0,5,51.855879
-70.0,5,51.860558
-70.0,5,51.865325
-70.0,5,51.871842
-70.0,5,51.876049
-70.0,5,51.880641
-70.0,5,51.88514
-70.0,5,51.892059
-70.0,5,51.89687
-70.0,5,51.903014
-70.0,5,51.907671
-70.0,5,51.914172
-70.0,5,51.918852
-70.0,5,51.923694
-70.0,5,51.929302
-70.0,5,51.937902
-70.0,5,51.942756
-70.0,5,51.94806
-70.0,5,51.952753
-70.0,5,51.961311
-70.0,5,51.966911
-70.0,5,51.971623
-70.0,5,51.976233
-70.0,5,51.982497
-70.0,5,51.987025
-70.0,5,51.991543
-70.0,5,51.996396
-70.0,5,52.003595
-70.0,5,52.008387
-70.0,5,52.015069
-70.0,5,52.020287
-70.0,5,52.02771
-70.0,5,52.0326
-70.0,5,52.037542
-70.0,5,52.042398
-70.0,5,52.049016
-70.0,5,52.053548
-70.0,5,52.058335
-70.0,5,52.062865
-70.0,5,52.069949
-70.0,5,52.075771
-70.0,5,52.080396
-70.0,5,52.085078
-70.0,5,52.091685
-95.0,5,52.096422
-70.0,5,52.100913
-70.0,5,52.105489
-70.0,5,52.112207
-70.0,5,52.116966
-70.0,5,52.123095
-95.0,5,52.128191
-70.0,5,52.134845
-70.0,5,52.139687
-70.0,5,52.145388
-70.0,5,52.151685
-70.0,5,52.160753
-70.0,5,52.166617
-70.0,5,52.171744
-70.0,5,52.176281
-70.0,5,52.185837
-95.0,5,52.191259
-95.0,5,52.197586
-70.0,5,52.202473
-95.0,5,52.209309
-70.0,5,52.213946
-70.0,5,52.218644
-70.0,5,52.225076
-70.0,5,52.239231
-70.0,5,52.245291
-95.0,5,52.25119
-70.0,5,52.25725
-70.0,5,52.264578
-70.0,5,52.27201
-70.0,5,52.279554
-70.0,5,52.285694
-70.0,5,52.294089
-70.0,5,52.299505
-95.0,5,52.304887
-70.0,5,52.310076
-70.0,5,52.319173
-70.0,5,52.324046
-70.0,5,52.329433
-70.0,5,52.334498
-120.0,5,52.341947
-120.0,5,52.346851
-120.0,5,52.351726
-120.0,5,52.356331
-120.0,5,52.368727
-95.0,5,52.377619
-120.0,5,52.383546
-70.0,5,52.389232
-120.0,5,52.396431
-120.0,5,52.401954
-120.0,5,52.406893
-120.0,5,52.411649
-120.0,5,52.420657
-120.0,5,52.428596
-120.0,5,52.43492
-120.0,5,52.441306
-120.0,5,52.448494
-120.0,5,52.454162
-120.0,5,52.459936
-120.0,5,52.465405
-120.0,5,52.472496
-120.0,5,52.477278
-120.0,5,52.482039
-120.0,5,52.487585
-120.0,5,52.498594
-120.0,5,52.50576
-120.0,5,52.511329
-120.0,5,52.516718
-120.0,5,52.525681
-120.0,5,52.531014
-120.0,5,52.53617
-120.0,5,52.541371
-120.0,5,52.549906
-120.0,5,52.556476
-120.0,5,52.566618
-120.0,5,52.57403
-120.0,5,52.581208
-120.0,5,52.586075
-120.0,5,52.591266
-120.0,5,52.595971
-120.0,5,52.602915
-120.0,5,52.607363
-120.0,5,52.612153
-120.0,5,52.616802
-120.0,5,52.625756
-120.0,5,52.632536
-120.0,5,52.637992
-120.0,5,52.642902
-120.0,5,52.649784
-120.0,5,52.656626
-120.0,5,52.664431
-120.0,5,52.670694
-120.0,5,52.678194
-120.0,5,52.683776
-120.0,5,52.689106
-120.0,5,52.694297
-120.0,5,52.704094
-120.0,5,52.709259
-120.0,5,52.714084
-120.0,5,52.718835
-120.0,5,52.725392
-120.0,5,52.729944
-120.0,5,52.73445
-95.0,5,52.73979
-120.0,5,52.746869
-120.0,5,52.755567
-120.0,5,52.763129
-120.0,5,52.770985
-120.0,5,52.779158
-120.0,5,52.784552
-120.0,5,52.788921
-120.0,5,52.793716
-120.0,5,52.80225
-120.0,5,52.809705
-120.0,5,52.816151
-120.0,5,52.822208
-120.0,5,52.831162
-120.0,5,52.836846
-120.0,5,52.84329
-120.0,5,52.850035
-120.0,5,52.860356
-120.0,5,52.867492
-120.0,5,52.875338
-120.0,5,52.881321
-120.0,5,52.891104
-120.0,5,52.900152
-120.0,5,52.90697
-120.0,5,52.912483
-120.0,5,52.920347
-120.0,5,52.92553
-120.0,5,52.930659
-120.0,5,52.936184
-120.0,5,52.944371
-120.0,5,52.949368
-120.0,5,52.955812
-120.0,5,52.962183
-120.0,5,52.973025
-120.0,5,52.978839
-120.0,5,52.984395
-120.0,5,52.990353
-120.0,5,53.000941
-120.0,5,53.00676
-120.0,5,53.011674
-120.0,5,53.017039
-120.0,5,53.023968
-120.0,5,53.028308
-120.0,5,53.036337
-120.0,5,53.0416
-120.0,5,53.049047
-120.0,5,53.054752
-120.0,5,53.060405
-120.0,5,53.066941
-120.0,5,53.077983
-120.0,5,53.083898
-120.0,5,53.090654
-120.0,5,53.096262
-120.0,5,53.104554
-120.0,5,53.110327
-120.0,5,53.115274
-120.0,5,53.119946
-120.0,5,53.126382
-120.0,5,53.130899
-120.0,5,53.13519
-120.0,5,53.139787
-120.0,5,53.148298
-120.0,5,53.155075
-120.0,5,53.160718
-120.0,5,53.166371
-120.0,5,53.173385
-120.0,5,53.177992
-120.0,5,53.182844
-120.0,5,53.18748
-120.0,5,53.194712
-120.0,5,53.199507
-95.0,5,53.205754
-120.0,5,53.210971
-120.0,5,53.221543
-120.0,5,53.226878
-120.0,5,53.231742
-120.0,5,53.236611
-95.0,5,53.243132
-95.0,5,53.248443
-120.0,5,53.254237
-120.0,5,53.260157
-120.0,5,53.267533
-120.0,5,53.272522
-120.0,5,53.279731
-120.0,5,53.286015
-120.0,5,53.292937
-120.0,5,53.297528
-120.0,5,53.302004
-120.0,5,53.306405
-120.0,5,53.312742
-120.0,5,53.316849
-120.0,5,53.321549
-120.0,5,53.326054
-95.0,5,53.334204
-120.0,5,53.339337
-120.0,5,53.343947
-120.0,5,53.348419
-120.0,5,53.354789
-120.0,5,53.359259
-95.0,5,53.363364
-120.0,5,53.367955
-120.0,5,53.374738
-120.0,5,53.379428
-120.0,5,53.386083
-120.0,5,53.391151
-120.0,5,53.39774
-120.0,5,53.401866
-120.0,5,53.406313
-120.0,5,53.411573
-120.0,5,53.418524
-120.0,5,53.423305
-120.0,5,53.428298
-120.0,5,53.433258
-95.0,5,53.44159
-120.0,5,53.446473
-120.0,5,53.451473
-120.0,5,53.456388
-120.0,5,53.463265
-120.0,5,53.468209
-120.0,5,53.472481
-120.0,5,53.476588
-120.0,5,53.483938
-120.0,5,53.489186
-120.0,5,53.495555
-120.0,5,53.500637
-120.0,5,53.506989
-120.0,5,53.511462
-120.0,5,53.517262
-120.0,5,53.522503
-120.0,5,53.529671
-120.0,5,53.534089
-120.0,5,53.538193
-120.0,5,53.542869
-120.0,5,53.550996
-120.0,5,53.555297
-120.0,5,53.559954
-120.0,5,53.564743
-120.0,5,53.571173
-120.0,5,53.575629
-120.0,5,53.583814
-120.0,5,53.591527
-120.0,5,53.601907
-120.0,5,53.609424
-120.0,5,53.614906
-120.0,5,53.621185
-120.0,5,53.6287
-120.0,5,53.63378
-120.0,5,53.638419
-120.0,5,53.642311
-120.0,5,53.648481
-120.0,5,53.652954
-120.0,5,53.657564
-120.0,5,53.662269
-120.0,5,53.668726
-120.0,5,53.674884
-120.0,5,53.679408
-120.0,5,53.68406
-120.0,5,53.691148
-120.0,5,53.696375
-120.0,5,53.701247
-120.0,5,53.7061
-120.0,5,53.712854
-120.0,5,53.717338
-120.0,5,53.72341
-120.0,5,53.728277
-120.0,5,53.734538
-120.0,5,53.739113
-120.0,5,53.744268
-120.0,5,53.748772
-120.0,5,53.756189
-120.0,5,53.761285
-120.0,5,53.766697
-120.0,5,53.771469
-120.0,5,53.781052
-120.0,5,53.786394
-120.0,5,53.791327
-120.0,5,53.796046
-120.0,5,53.802346
-95.0,5,53.806531
-120.0,5,53.81096
-120.0,5,53.815698
-120.0,5,53.822405
-120.0,5,53.826932
-120.0,5,53.833845
-120.0,5,53.839285
-120.0,5,53.846056
-120.0,5,53.85057
-120.0,5,53.855
-120.0,5,53.859711
-120.0,5,53.866197
-120.0,5,53.870717
-120.0,5,53.874868
-120.0,5,53.87994
-120.0,5,53.887282
-120.0,5,53.892471
-120.0,5,53.897084
-120.0,5,53.902451
-120.0,5,53.909137
-120.0,5,53.91361
-120.0,5,53.918187
-120.0,5,53.922377
-120.0,5,53.92901
-120.0,5,53.933506
-120.0,5,53.939697
-120.0,5,53.944457
-120.0,5,53.950929
-120.0,5,53.955329
-95.0,5,53.959439
-120.0,5,53.963912
-120.0,5,53.970284
-120.0,5,53.974741
-120.0,5,53.979439
-120.0,5,53.983538
-120.0,5,53.991938
-120.0,5,53.996666
-120.0,5,54.001246
-120.0,5,54.005416
-120.0,5,54.011763
-120.0,5,54.016244
-120.0,5,54.02067
-120.0,5,54.024711
-120.0,5,54.031397
-120.0,5,54.035738
-120.0,5,54.042284
-120.0,5,54.046892
-120.0,5,54.053424
-120.0,5,54.05827
-120.0,5,54.063215
-120.0,5,54.068343
-120.0,5,54.074762
-120.0,5,54.079345
-120.0,5,54.083982
-120.0,5,54.088575
-120.0,5,54.09662
-120.0,5,54.101402
-120.0,5,54.10576
-120.0,5,54.109915
-120.0,5,54.116338
-120.0,5,54.120943
-120.0,5,54.125576
-120.0,5,54.131099
-95.0,5,54.138491
-120.0,5,54.143777
-120.0,5,54.149471
-120.0,5,54.154212
-120.0,5,54.160921
-120.0,5,54.165505
-120.0,5,54.169726
-120.0,5,54.174196
-120.0,5,54.180548
-120.0,5,54.185067
-120.0,5,54.189564
-120.0,5,54.194165
-120.0,5,54.205452
-120.0,5,54.21109
-120.0,5,54.217343
-95.0,5,54.222908
-120.0,5,54.22947
-120.0,5,54.234218
-120.0,5,54.238612
-120.0,5,54.242946
-120.0,5,54.24939
-120.0,5,54.253864
-120.0,5,54.259893
-120.0,5,54.265157
-120.0,5,54.271637
-120.0,5,54.276096
-120.0,5,54.280579
-120.0,5,54.284999
-120.0,5,54.29126
-120.0,5,54.295742
-120.0,5,54.300421
-120.0,5,54.304822
-120.0,5,54.313181
-95.0,5,54.317703
-120.0,5,54.321924
-120.0,5,54.326257
-120.0,5,54.332525
-120.0,5,54.336977
-120.0,5,54.343208
-120.0,5,54.348044
-120.0,5,54.356102
-120.0,5,54.362473
-120.0,5,54.370941
-120.0,5,54.377094
-120.0,5,54.384449
-120.0,5,54.389083
-120.0,5,54.393489
-120.0,5,54.397908
-120.0,5,54.404151
-120.0,5,54.408783
-120.0,5,54.414777
-120.0,5,54.419879
-120.0,5,54.427709
-120.0,5,54.432343
-120.0,5,54.436759
-120.0,5,54.441147
-120.0,5,54.447495
-120.0,5,54.452072
-120.0,5,54.456548
-120.0,5,54.460645
-120.0,5,54.466989
-120.0,5,54.47151
-120.0,5,54.478214
-120.0,5,54.482933
-120.0,5,54.489482
-120.0,5,54.494306
-95.0,5,54.498472
-120.0,5,54.503448
-120.0,5,54.509309
-120.0,5,54.513458
-120.0,5,54.518164
-120.0,5,54.52261
-120.0,5,54.530585
-120.0,5,54.535313
-120.0,5,54.539761
-120.0,5,54.544203
-120.0,5,54.55048
-120.0,5,54.554946
-120.0,5,54.559145
-120.0,5,54.563691
-120.0,5,54.570987
-120.0,5,54.576094
-120.0,5,54.582273
-120.0,5,54.586846
-120.0,5,54.5933
-120.0,5,54.59796
-120.0,5,54.60235
-120.0,5,54.606752
-120.0,5,54.613243
-120.0,5,54.617655
-120.0,5,54.622246
-120.0,5,54.626383
-120.0,5,54.633795
-120.0,5,54.638514
-120.0,5,54.642602
-120.0,5,54.647015
-120.0,5,54.653458
-120.0,5,54.658027
-120.0,5,54.663466
-120.0,5,54.668793
-120.0,5,54.675453
-120.0,5,54.681606
-120.0,5,54.687459
-120.0,5,54.692163
-95.0,5,54.698984
-120.0,5,54.703882
-120.0,5,54.70847
-120.0,5,54.713439
-120.0,5,54.719519
-120.0,5,54.723918
-120.0,5,54.728656
-120.0,5,54.733066
-120.0,5,54.742296
-120.0,5,54.747622
-120.0,5,54.752845
-120.0,5,54.75753
-120.0,5,54.763822
-95.0,5,54.767981
-120.0,5,54.772385
-120.0,5,54.776726
-120.0,5,54.783258
-120.0,5,54.788342
-120.0,5,54.795494
-120.0,5,54.800795
-120.0,5,54.807146
-120.0,5,54.811752
-120.0,5,54.816213
-120.0,5,54.820776
-120.0,5,54.827217
-120.0,5,54.831739
-120.0,5,54.836447
-120.0,5,54.841116
-120.0,5,54.850066
-120.0,5,54.855132
-120.0,5,54.859684
-95.0,5,54.864452
-120.0,5,54.872195
-120.0,5,54.87703
-120.0,5,54.881861
-120.0,5,54.886179
-120.0,5,54.892917
-120.0,5,54.897542
-120.0,5,54.902246
-120.0,5,54.908199
-120.0,5,54.915768
-120.0,5,54.920192
-120.0,5,54.924869
-120.0,5,54.929306
-120.0,5,54.935577
-120.0,5,54.939993
-120.0,5,54.944579
-120.0,5,54.948907
-120.0,5,54.956761
-120.0,5,54.961282
-120.0,5,54.966304
-120.0,5,54.971582
-120.0,5,54.977942
-95.0,5,54.9828
-120.0,5,54.987663
-120.0,5,54.992571
-120.0,5,54.999973
-120.0,5,55.005438
-120.0,5,55.011361
-120.0,5,55.016376
-120.0,5,55.022731
-120.0,5,55.026844
-120.0,5,55.031242
-120.0,5,55.035698
-120.0,5,55.043978
-120.0,5,55.050116
-120.0,5,55.055854
-120.0,5,55.062349
-120.0,5,55.071636
-95.0,5,55.076308
-120.0,5,55.083674
-120.0,5,55.09061
-120.0,5,55.098304
-120.0,5,55.104576
-120.0,5,55.109596
-120.0,5,55.114743
-120.0,5,55.122446
-120.0,5,55.12724
-120.0,5,55.133803
-120.0,5,55.139081
-95.0,5,55.146555
-120.0,5,55.151618
-120.0,5,55.156467
-120.0,5,55.161005
-120.0,5,55.167484
-120.0,5,55.172023
-120.0,5,55.17694
-120.0,5,55.181186
-120.0,5,55.190428
-120.0,5,55.195382
-120.0,5,55.200511
-120.0,5,55.206944
-120.0,5,55.214596
-120.0,5,55.220975
-120.0,5,55.226065
-120.0,5,55.231185
-95.0,5,55.237994
-120.0,5,55.242808
-120.0,5,55.249378
-120.0,5,55.254161
-95.0,5,55.259935
-120.0,5,55.264587
-120.0,5,55.269549
-120.0,5,55.274593
-120.0,5,55.281051
-120.0,5,55.285612
-120.0,5,55.290353
-120.0,5,55.294416
-120.0,5,55.302015
-120.0,5,55.308321
-120.0,5,55.313307
-120.0,5,55.318057
-120.0,5,55.324517
-120.0,5,55.329052
-120.0,5,55.333618
-120.0,5,55.338148
-120.0,5,55.344825
-120.0,5,55.34937
-120.0,5,55.355793
-120.0,5,55.360979
-120.0,5,55.368086
-120.0,5,55.372678
-120.0,5,55.376913
-120.0,5,55.381423
-120.0,5,55.387846
-120.0,5,55.392479
-120.0,5,55.400081
-120.0,5,55.409138
-120.0,5,55.419629
-95.0,5,55.426878
-120.0,5,55.433966
-120.0,5,55.441493
-120.0,5,55.450943
-120.0,5,55.456308
-120.0,5,55.461094
-120.0,5,55.465767
-95.0,5,55.47222
-120.0,5,55.476853
-120.0,5,55.483188
-120.0,5,55.487899
-120.0,5,55.494262
-120.0,5,55.499082
-120.0,5,55.503996
-120.0,5,55.508714
-120.0,5,55.515283
-120.0,5,55.519699
-120.0,5,55.525283
-120.0,5,55.530222
-120.0,5,55.539685
-95.0,5,55.544734
-120.0,5,55.55008
-120.0,5,55.554978
-120.0,5,55.564477
-120.0,5,55.571687
-120.0,5,55.576589
-120.0,5,55.581779
-120.0,5,55.590912
-120.0,5,55.596792
-120.0,5,55.602874
-120.0,5,55.608771
-120.0,5,55.615618
-120.0,5,55.620225
-120.0,5,55.624113
-120.0,5,55.628748
-120.0,5,55.63493
-120.0,5,55.639325
-95.0,5,55.643604
-120.0,5,55.647656
-120.0,5,55.655614
-120.0,5,55.66207
-120.0,5,55.667636
-120.0,5,55.672888
-120.0,5,55.683048
-95.0,5,55.68927
-120.0,5,55.694586
-120.0,5,55.701345
-120.0,5,55.712528
-95.0,5,55.719588
-120.0,5,55.726285
-120.0,5,55.731582
-120.0,5,55.740391
-120.0,5,55.74583
-120.0,5,55.7513
-120.0,5,55.755749
-120.0,5,55.762195
-120.0,5,55.766861
-120.0,5,55.771595
-120.0,5,55.776054
-120.0,5,55.785226
-120.0,5,55.790054
-120.0,5,55.794584
-120.0,5,55.799121
-120.0,5,55.805735
-120.0,5,55.810138
-120.0,5,55.81525
-120.0,5,55.819766
-120.0,5,55.82631
-120.0,5,55.831007
-120.0,5,55.835649
-120.0,5,55.840911
-120.0,5,55.847568
-120.0,5,55.85359
-120.0,5,55.860385
-120.0,5,55.86849
-120.0,5,55.877917
-120.0,5,55.884146
-120.0,5,55.889369
-120.0,5,55.89441
-120.0,5,55.903413
-120.0,5,55.90864
-120.0,5,55.913761
-120.0,5,55.918822
-120.0,5,55.925403
-120.0,5,55.929928
-95.0,5,55.93383
-120.0,5,55.93785
-120.0,5,55.943993
-120.0,5,55.948728
-120.0,5,55.954376
-120.0,5,55.959671
-120.0,5,55.966471
-120.0,5,55.971018
-120.0,5,55.975607
-120.0,5,55.979995
-120.0,5,55.986289
-120.0,5,55.990409
-120.0,5,55.9952
-120.0,5,55.999649
-120.0,5,56.007404
-120.0,5,56.012091
-120.0,5,56.016886
-120.0,5,56.021385
-120.0,5,56.027788
-120.0,5,56.032176
-120.0,5,56.036644
-120.0,5,56.041232
-120.0,5,56.048406
-120.0,5,56.053587
-120.0,5,56.059505
-120.0,5,56.064289
-120.0,5,56.071195
-120.0,5,56.075611
-120.0,5,56.080086
-120.0,5,56.084492
-120.0,5,56.090753
-120.0,5,56.095163
-120.0,5,56.099434
-120.0,5,56.10382
-120.0,5,56.111539
-120.0,5,56.116404
-120.0,5,56.120815
-120.0,5,56.125269
-120.0,5,56.131643
-120.0,5,56.135853
-120.0,5,56.140408
-120.0,5,56.144953
-120.0,5,56.151601
-120.0,5,56.156381
-120.0,5,56.162933
-120.0,5,56.167868
-120.0,5,56.174292
-120.0,5,56.179388
-120.0,5,56.184248
-120.0,5,56.188762
-120.0,5,56.19526
-120.0,5,56.200244
-120.0,5,56.206022
-95.0,5,56.214535
-120.0,5,56.224733
-120.0,5,56.22959
-120.0,5,56.234886
-120.0,5,56.240132
-120.0,5,56.247097
-95.0,5,56.251507
-120.0,5,56.255916
-120.0,5,56.26036
-95.0,5,56.267291
-120.0,5,56.272242
-120.0,5,56.278568
-120.0,5,56.28357
-120.0,5,56.29011
-95.0,5,56.294287
-120.0,5,56.298463
-120.0,5,56.302622
-120.0,5,56.309694
-70.0,5,56.314597
-120.0,5,56.32048
-120.0,5,56.325256
-95.0,5,56.33337
-120.0,5,56.337918
-120.0,5,56.342606
-120.0,5,56.347083
-120.0,5,56.353191
-70.0,5,56.357285
-120.0,5,56.361634
-120.0,5,56.365983
-120.0,5,56.372644
-95.0,5,56.377181
-120.0,5,56.383508
-120.0,5,56.388474
-70.0,5,56.394495
-95.0,5,56.398997
-95.0,5,56.403402
-120.0,5,56.407795
-120.0,5,56.414059
-120.0,5,56.418451
-95.0,5,56.423537
-70.0,5,56.428216
-120.0,5,56.438361
-120.0,5,56.443409
-95.0,5,56.448237
-120.0,5,56.452733
-120.0,5,56.459356
-120.0,5,56.464003
-120.0,5,56.468932
-120.0,5,56.47334
-120.0,5,56.480229
-120.0,5,56.485417
-95.0,5,56.491721
-120.0,5,56.496943
-120.0,5,56.507352
-120.0,5,56.51445
-120.0,5,56.521104
-95.0,5,56.527239
-120.0,5,56.536269
-120.0,5,56.541611
-120.0,5,56.546887
-120.0,5,56.551542
-120.0,5,56.561048
-120.0,5,56.566452
-120.0,5,56.57122
-120.0,5,56.57579
-120.0,5,56.581889
-120.0,5,56.586239
-120.0,5,56.591223
-120.0,5,56.595901
-120.0,5,56.60278
-120.0,5,56.607481
-120.0,5,56.614516
-120.0,5,56.619873
-120.0,5,56.626958
-120.0,5,56.631629
-95.0,5,56.635724
-120.0,5,56.64021
-120.0,5,56.646689
-120.0,5,56.65115
-120.0,5,56.655695
-120.0,5,56.660033
-95.0,5,56.668286
-120.0,5,56.673214
-120.0,5,56.677734
-120.0,5,56.682347
-120.0,5,56.688328
-120.0,5,56.692531
-120.0,5,56.696603
-120.0,5,56.700943
-120.0,5,56.70742
-120.0,5,56.711924
-120.0,5,56.71799
-95.0,5,56.722594
-120.0,5,56.728621
-120.0,5,56.733471
-120.0,5,56.738255
-120.0,5,56.743174
-120.0,5,56.749579
-120.0,5,56.753732
-120.0,5,56.758341
-120.0,5,56.762467
-120.0,5,56.769645
-120.0,5,56.776079
-120.0,5,56.781394
-120.0,5,56.789095
-120.0,5,56.801163
-95.0,5,56.807213
-120.0,5,56.813292
-120.0,5,56.821114
-120.0,5,56.831248
-95.0,5,56.837422
-120.0,5,56.843448
-120.0,5,56.849063
-120.0,5,56.856259
-120.0,5,56.861064
-120.0,5,56.864807
-95.0,5,56.869216
-120.0,5,56.875835
-120.0,5,56.88047
-120.0,5,56.885326
-120.0,5,56.890088
-120.0,5,56.900142
-95.0,5,56.905064
-120.0,5,56.90974
-120.0,5,56.914572
-120.0,5,56.921738
-120.0,5,56.925945
-120.0,5,56.930934
-120.0,5,56.935674
-120.0,5,56.942231
-120.0,5,56.947153
-120.0,5,56.952946
-120.0,5,56.958453
-120.0,5,56.965416
-120.0,5,56.970173
-120.0,5,56.974675
-120.0,5,56.978899
-120.0,5,56.985343
-120.0,5,56.989862
-120.0,5,56.994782
-120.0,5,56.999001
-120.0,5,57.007553
-120.0,5,57.012284
-120.0,5,57.017184
-120.0,5,57.021789
-120.0,5,57.027991
-120.0,5,57.032543
-120.0,5,57.037073
-120.0,5,57.041324
-120.0,5,57.047783
-120.0,5,57.052509
-120.0,5,57.058878
-120.0,5,57.064497
-120.0,5,57.072496
-120.0,5,57.077782
-120.0,5,57.082765
-120.0,5,57.08823
-120.0,5,57.095495
-120.0,5,57.10311
-120.0,5,57.110741
-120.0,5,57.117312
-120.0,5,57.127739
-120.0,5,57.133647
-120.0,5,57.139866
-120.0,5,57.144794
-120.0,5,57.151673
-120.0,5,57.156429
-120.0,5,57.161607
-120.0,5,57.166629
-120.0,5,57.175278
-120.0,5,57.182228
-120.0,5,57.188938
-120.0,5,57.196088
-120.0,5,57.207412
-120.0,5,57.213203
-120.0,5,57.223726
-120.0,5,57.231336
-120.0,5,57.242671
-120.0,5,57.249259
-120.0,5,57.255288
-120.0,5,57.260511
-120.0,5,57.268347
-120.0,5,57.274968
-120.0,5,57.280924
-120.0,5,57.286533
-120.0,5,57.293085
-120.0,5,57.297902
-120.0,5,57.302604
-120.0,5,57.308185
-120.0,5,57.315681
-120.0,5,57.321394
-120.0,5,57.327455
-120.0,5,57.332245
-120.0,5,57.338921
-120.0,5,57.343599
-120.0,5,57.348209
-120.0,5,57.35244
-120.0,5,57.359039
-120.0,5,57.363576
-120.0,5,57.371732
-120.0,5,57.380176
-120.0,5,57.391658
-120.0,5,57.397518
-120.0,5,57.403287
-120.0,5,57.408179
-120.0,5,57.415524
-120.0,5,57.42105
-120.0,5,57.427289
-120.0,5,57.432953
-120.0,5,57.440089
-120.0,5,57.447136
-120.0,5,57.453225
-120.0,5,57.458264
-120.0,5,57.465156
-120.0,5,57.470109
-120.0,5,57.474814
-120.0,5,57.47952
-120.0,5,57.48639
-120.0,5,57.491683
-120.0,5,57.49686
-120.0,5,57.501363
-120.0,5,57.511144
-120.0,5,57.51637
-120.0,5,57.521005
-120.0,5,57.52561
-120.0,5,57.531485
-120.0,5,57.536169
-120.0,5,57.540474
-120.0,5,57.545194
-120.0,5,57.552091
-120.0,5,57.557012
-120.0,5,57.564974
-120.0,5,57.570736
-120.0,5,57.577708
-120.0,5,57.582275
-120.0,5,57.586738
-120.0,5,57.591457
-120.0,5,57.59786
-120.0,5,57.602331
-120.0,5,57.60712
-120.0,5,57.611655
-120.0,5,57.618721
-120.0,5,57.624789
-120.0,5,57.629794
-120.0,5,57.63568
-120.0,5,57.642941
-120.0,5,57.647784
-120.0,5,57.652664
-120.0,5,57.659206
-120.0,5,57.670544
-120.0,5,57.677521
-120.0,5,57.684001
-120.0,5,57.690006
-120.0,5,57.698109
-120.0,5,57.702915
-120.0,5,57.707913
-95.0,5,57.71268
-120.0,5,57.719496
-120.0,5,57.724268
-120.0,5,57.729234
-120.0,5,57.733598
-120.0,5,57.744171
-120.0,5,57.74993
-120.0,5,57.754947
-120.0,5,57.75989
-120.0,5,57.766583
-120.0,5,57.771218
-120.0,5,57.775464
-120.0,5,57.779929
-120.0,5,57.786589
-120.0,5,57.791501
-120.0,5,57.799209
-120.0,5,57.805061
-120.0,5,57.812096
-120.0,5,57.81674
-120.0,5,57.821365
-120.0,5,57.825995
-120.0,5,57.832731
-120.0,5,57.837388
-120.0,5,57.842018
-120.0,5,57.846519
-120.0,5,57.854419
-120.0,5,57.860502
-120.0,5,57.865951
-120.0,5,57.871125
-120.0,5,57.877606
-120.0,5,57.881835
-120.0,5,57.886012
-120.0,5,57.890579
-120.0,5,57.897357
-120.0,5,57.902019
-120.0,5,57.908307
-120.0,5,57.91285
-120.0,5,57.920246
-120.0,5,57.924966
-120.0,5,57.930254
-120.0,5,57.934451
-120.0,5,57.940878
-120.0,5,57.945437
-120.0,5,57.950454
-120.0,5,57.954785
-120.0,5,57.964339
-95.0,5,57.969585
-120.0,5,57.974407
-120.0,5,57.978812
-95.0,5,57.984913
-120.0,5,57.989373
-120.0,5,57.994053
-95.0,5,57.999025
-120.0,5,58.006132
-120.0,5,58.010812
-120.0,5,58.018528
-120.0,5,58.024182
-120.0,5,58.03233
-120.0,5,58.037443
-120.0,5,58.042098
-120.0,5,58.047271
-120.0,5,58.054883
-120.0,5,58.060121
-95.0,5,58.066154
-120.0,5,58.07167
-120.0,5,58.080662
-120.0,5,58.085474
-120.0,5,58.09013
-120.0,5,58.094881
-120.0,5,58.101386
-120.0,5,58.105914
-120.0,5,58.110431
-120.0,5,58.114889
-120.0,5,58.121392
-120.0,5,58.125736
-120.0,5,58.132381
-120.0,5,58.137237
-120.0,5,58.143664
-120.0,5,58.147817
-120.0,5,58.152321
-95.0,5,58.156129
-120.0,5,58.162766
-120.0,5,58.167936
-120.0,5,58.172949
-120.0,5,58.177417
-120.0,5,58.185671
-120.0,5,58.190512
-95.0,5,58.194982
-120.0,5,58.199897
-120.0,5,58.206698
-120.0,5,58.211531
-120.0,5,58.216779
-120.0,5,58.223913
-120.0,5,58.231388
-120.0,5,58.238347
-120.0,5,58.243733
-120.0,5,58.248873
-120.0,5,58.25717
-120.0,5,58.262368
-120.0,5,58.267406
-120.0,5,58.272218
-120.0,5,58.278631
-120.0,5,58.283161
-120.0,5,58.289148
-120.0,5,58.294393
-120.0,5,58.30369
-120.0,5,58.307853
-120.0,5,58.312498
-120.0,5,58.317528
-120.0,5,58.324499
-120.0,5,58.329497
-95.0,5,58.3339
-120.0,5,58.338497
-120.0,5,58.345082
-120.0,5,58.349756
-120.0,5,58.355889
-120.0,5,58.36148
-120.0,5,58.369179
-120.0,5,58.374022
-120.0,5,58.378553
-120.0,5,58.383248
-120.0,5,58.389796
-120.0,5,58.394326
-120.0,5,58.399196
-120.0,5,58.403894
-120.0,5,58.412381
-120.0,5,58.417319
-120.0,5,58.421863
-120.0,5,58.426501
-120.0,5,58.433227
-120.0,5,58.437993
-120.0,5,58.442819
-120.0,5,58.447668
-120.0,5,58.454731
-120.0,5,58.459021
-120.0,5,58.465396
-120.0,5,58.470441
-120.0,5,58.477326
-120.0,5,58.482031
-95.0,5,58.486346
-120.0,5,58.490721
-120.0,5,58.497545
-120.0,5,58.50196
-120.0,5,58.506922
-120.0,5,58.511815
-120.0,5,58.519043
-120.0,5,58.525425
-120.0,5,58.530291
-120.0,5,58.53515
-120.0,5,58.541795
-120.0,5,58.54654
-120.0,5,58.551316
-120.0,5,58.555749
-120.0,5,58.56287
-95.0,5,58.567267
-120.0,5,58.574273
-120.0,5,58.579783
-95.0,5,58.586373
-120.0,5,58.590904
-120.0,5,58.59551
-120.0,5,58.600247
-120.0,5,58.607425
-120.0,5,58.612069
-120.0,5,58.616861
-120.0,5,58.621358
-120.0,5,58.629562
-120.0,5,58.634718
-120.0,5,58.638926
-120.0,5,58.643391
-120.0,5,58.650069
-120.0,5,58.654778
-95.0,5,58.660785
-120.0,5,58.668486
-120.0,5,58.678478
-120.0,5,58.68609
-120.0,5,58.692298
-120.0,5,58.697813
-120.0,5,58.706153
-120.0,5,58.711138
-95.0,5,58.715666
-120.0,5,58.720409
-95.0,5,58.726987
-120.0,5,58.731388
-120.0,5,58.736499
-120.0,5,58.741025
-120.0,5,58.749498
-120.0,5,58.754287
-120.0,5,58.75885
-120.0,5,58.763648
-120.0,5,58.770356
-120.0,5,58.774946
-120.0,5,58.779229
-120.0,5,58.78388
-120.0,5,58.791075
-120.0,5,58.796351
-120.0,5,58.802094
-120.0,5,58.806711
-120.0,5,58.813226
-120.0,5,58.81762
-120.0,5,58.822357
-120.0,5,58.82692
-120.0,5,58.833833
-120.0,5,58.838638
-120.0,5,58.843564
-120.0,5,58.848297
-120.0,5,58.85736
-120.0,5,58.862103
-120.0,5,58.86701
-120.0,5,58.872088
-95.0,5,58.878646
-120.0,5,58.883511
-120.0,5,58.887998
-120.0,5,58.892783
-120.0,5,58.899527
-120.0,5,58.906318
-120.0,5,58.91406
-120.0,5,58.921158
-120.0,5,58.930934
-120.0,5,58.937238
-120.0,5,58.942689
-120.0,5,58.948164
-120.0,5,58.955081
-120.0,5,58.959831
-120.0,5,58.964782
-120.0,5,58.969508
-120.0,5,58.978265
-120.0,5,58.983045
-120.0,5,58.987816
-95.0,5,58.992156
-120.0,5,58.998641
-120.0,5,59.003169
-120.0,5,59.007676
-120.0,5,59.012304
-120.0,5,59.019087
-120.0,5,59.023539
-120.0,5,59.030469
-120.0,5,59.035386
-120.0,5,59.041896
-120.0,5,59.04642
-120.0,5,59.050605
-95.0,5,59.054887
-120.0,5,59.06286
-120.0,5,59.068145
-120.0,5,59.073254
-120.0,5,59.077881
-120.0,5,59.086744
-120.0,5,59.091683
-120.0,5,59.096324
-120.0,5,59.101088
-120.0,5,59.107527
-120.0,5,59.112047
-120.0,5,59.116566
-120.0,5,59.121085
